Task Time,Domain
2021-09-16T15:34:13.940Z,cottonleads.org
2021-09-16T15:19:03.129Z,ccpcr.org.kh
2021-09-16T15:18:50.279Z,cottonleads.org
2021-09-16T14:51:18.573Z,cottonleads.org
2021-09-16T14:32:24.507Z,cottonleads.org
2021-09-16T14:19:26.735Z,ccpcr.org.kh
2021-09-16T14:15:03.990Z,cottonleads.org
2021-09-16T13:41:43.138Z,cottonleads.org
2021-09-16T13:26:46.280Z,hotnethosting.net
2021-09-16T13:07:18.084Z,news-bits.xyz
2021-09-16T12:47:48.555Z,cottonleads.org
2021-09-16T12:24:06.712Z,cottonleads.org
2021-09-16T11:44:23.847Z,cottonleads.org
2021-09-16T11:39:44.604Z,cottonleads.org
2021-09-16T11:38:47.440Z,cottonleads.org
2021-09-16T11:10:43.094Z,cottonleads.org
2021-09-16T11:10:42.078Z,cottonleads.org
2021-09-16T07:06:15.948Z,www.wikipedia.org
2021-09-15T16:44:00.494Z,centreofexcellence.in
2021-09-15T16:15:55.279Z,www.wikipedia.org
2021-09-15T16:04:14.738Z,www.wikipedia.org
2021-09-15T15:55:21.565Z,dadfarlawyers.com
2021-09-15T13:32:44.800Z,hotnethosting.net
2021-09-15T13:06:08.900Z,dadfarlawyers.com
2021-09-15T12:15:42.897Z,dadfarlawyers.com
2021-09-15T11:33:57.416Z,dadfarlawyers.com
2021-09-15T07:05:16.701Z,clamestructuras.cl
2021-09-14T16:15:53.292Z,www.wikipedia.org
2021-09-14T07:03:46.010Z,clamestructuras.cl
2021-09-14T01:23:06.796Z,nekikamata.com
2021-09-14T01:23:01.795Z,nekikamata.com
2021-09-14T00:02:50.153Z,io.egicons.com
2021-09-13T19:04:00.507Z,io.egicons.com
2021-09-13T18:45:28.789Z,financialplannr.com
2021-09-13T16:16:03.517Z,www.wikipedia.org
2021-09-13T15:44:25.512Z,io.egicons.com
2021-09-13T15:06:45.721Z,maliksupreme.com
2021-09-13T14:53:15.804Z,gondalassociates.com
2021-09-13T14:44:52.647Z,gondalassociates.com
2021-09-13T14:07:12.308Z,io.egicons.com
2021-09-13T11:45:31.978Z,telugump3audio.com
2021-09-13T07:10:14.394Z,santacapital.co
2021-09-13T02:44:43.456Z,io.egicons.com
2021-09-13T01:04:24.412Z,www.wikipedia.org
2021-09-12T16:15:54.891Z,centreofexcellence.in
2021-09-11T18:58:26.438Z,clamestructuras.cl
2021-09-11T16:15:52.664Z,centreofexcellence.in
2021-09-11T01:26:36.243Z,centreofexcellence.in
2021-09-11T01:21:06.578Z,valleyresidenciadik.com
2021-09-11T01:21:01.596Z,valleyresidenciadik.com
2021-09-10T20:52:07.766Z,io.egicons.com
2021-09-10T20:46:47.301Z,io.egicons.com
2021-09-10T19:37:05.063Z,io.egicons.com
2021-09-10T18:55:10.417Z,clamestructuras.cl
2021-09-10T18:04:30.883Z,io.egicons.com
2021-09-10T17:37:01.743Z,io.egicons.com
2021-09-10T17:22:32.666Z,valleyresidenciadik.com
2021-09-10T17:00:22.624Z,valleyresidenciadik.com
2021-09-10T16:47:42.263Z,io.egicons.com
2021-09-10T16:29:39.549Z,tasksey.com
2021-09-10T16:18:26.538Z,valleyresidenciadik.com
2021-09-10T16:15:58.830Z,centreofexcellence.in
2021-09-10T16:10:08.908Z,io.egicons.com
2021-09-10T16:08:46.573Z,valleyresidenciadik.com
2021-09-10T15:50:08.599Z,io.egicons.com
2021-09-10T15:29:00.085Z,io.egicons.com
2021-09-10T15:24:26.649Z,io.egicons.com
2021-09-10T15:21:54.751Z,io.egicons.com
2021-09-10T15:14:55.561Z,valleyresidenciadik.com
2021-09-10T14:30:50.672Z,valleyresidenciadik.com
2021-09-10T13:52:40.863Z,aqarystate.com
2021-09-10T13:42:30.200Z,io.egicons.com
2021-09-10T13:41:06.383Z,io.egicons.com
2021-09-10T11:56:48.674Z,io.egicons.com
2021-09-10T03:28:46.190Z,langoshtrail.top
2021-09-10T02:29:13.208Z,maliksupreme.com
2021-09-10T02:20:35.887Z,www.wikipedia.org
2021-09-09T23:50:51.280Z,langoshtrail.top
2021-09-09T23:11:01.640Z,langoshtrail.top
2021-09-09T21:18:27.980Z,bonjourbox.me
2021-09-09T18:56:33.022Z,webstore4u.com
2021-09-09T18:54:05.701Z,www.wikipedia.org
2021-09-09T17:46:40.337Z,bonjourbox.me
2021-09-09T17:31:48.384Z,chinatrademarks.xyz
2021-09-09T17:15:11.945Z,jennifertaylorlawoffice.com
2021-09-09T17:10:56.575Z,jennifertaylorlawoffice.com
2021-09-09T17:10:38.607Z,jennifertaylorlawoffice.com
2021-09-09T17:07:42.360Z,docu-tezraftaar.xyz
2021-09-09T16:50:56.738Z,docu-tezraftaar.xyz
2021-09-09T16:38:23.598Z,langoshtrail.top
2021-09-09T16:36:34.108Z,fahdh.com
2021-09-09T16:35:51.742Z,telugump3audio.com
2021-09-09T16:29:15.819Z,docu-tezraftaar.xyz
2021-09-09T16:29:15.409Z,fahdh.com
2021-09-09T16:29:07.313Z,docu-tezraftaar.xyz
2021-09-09T16:29:05.537Z,docu-tezraftaar.xyz
2021-09-09T16:29:05.536Z,docu-tezraftaar.xyz
2021-09-09T16:28:28.552Z,fahdh.com
2021-09-09T16:24:28.537Z,io.egicons.com
2021-09-09T16:23:38.091Z,langoshgen.top
2021-09-09T16:21:10.009Z,webstore4u.com
2021-09-09T16:20:14.604Z,fahdh.com
2021-09-09T16:15:49.998Z,www.wikipedia.org
2021-09-09T16:12:48.138Z,io.egicons.com
2021-09-09T16:11:39.344Z,www.wikipedia.org
2021-09-09T16:07:33.741Z,www.wikipedia.org
2021-09-09T16:06:24.102Z,lexingtonkyq.buzz
2021-09-09T16:00:13.964Z,langoshgen.top
2021-09-09T15:51:38.964Z,caroutlet.ec
2021-09-09T15:27:10.671Z,bonjourbox.me
2021-09-09T14:23:06.973Z,caroutlet.ec
2021-09-09T13:34:32.574Z,bonjourbox.me
2021-09-09T13:10:59.125Z,telugump3audio.com
2021-09-09T13:04:04.177Z,bufordgswyw.xyz
2021-09-09T12:35:02.147Z,bufordgswyw.xyz
2021-09-09T12:29:49.919Z,telugump3audio.com
2021-09-09T12:23:20.386Z,bufordgswyw.xyz
2021-09-09T10:06:52.455Z,topdronephotos.com
2021-09-09T08:07:55.661Z,yongdrel.com
2021-09-09T02:36:54.033Z,maliksupreme.com
2021-09-09T01:09:20.701Z,masstamilanfree.in
2021-09-08T22:58:34.538Z,flexto.com
2021-09-08T20:48:10.939Z,dirtylaundry.co.za
2021-09-08T20:06:46.572Z,discoverbhutanese.com
2021-09-08T19:46:39.857Z,yongdrel.com
2021-09-08T19:39:33.153Z,discoverbhutanese.com
2021-09-08T19:02:17.233Z,io.egicons.com
2021-09-08T18:41:39.280Z,scottadlhoch.com
2021-09-08T18:39:39.212Z,scottadlhoch.com
2021-09-08T18:38:20.015Z,scottadlhoch.com
2021-09-08T18:30:50.742Z,www.wikipedia.org
2021-09-08T17:17:47.852Z,get24foodhub.com
2021-09-08T17:05:47.325Z,caroutlet.ec
2021-09-08T17:05:36.757Z,caroutlet.ec
2021-09-08T17:04:23.888Z,yongdrel.com
2021-09-08T16:24:01.971Z,discoverbhutanese.com
2021-09-08T16:15:50.731Z,www.wikipedia.org
2021-09-08T16:07:08.609Z,lookforward.org.za
2021-09-08T15:11:56.951Z,caroutlet.ec
2021-09-08T15:00:40.672Z,caroutlet.ec
2021-09-08T14:46:04.833Z,caroutlet.ec
2021-09-08T14:29:16.852Z,radiobicentenario.cl
2021-09-08T14:16:07.718Z,costabravaweb.com
2021-09-08T14:06:02.618Z,caroutlet.ec
2021-09-08T14:05:44.242Z,costabravaweb.com
2021-09-08T14:00:48.751Z,costabravaweb.com
2021-09-08T13:42:47.111Z,caroutlet.ec
2021-09-08T13:30:26.529Z,coachonthego.net
2021-09-08T13:28:46.206Z,costabravaweb.com
2021-09-08T13:23:44.535Z,costabravaweb.com
2021-09-08T13:21:51.746Z,krishantha.net
2021-09-08T13:20:57.762Z,costabravaweb.com
2021-09-08T13:17:44.009Z,costabravaweb.com
2021-09-08T13:16:27.306Z,costabravaweb.com
2021-09-08T13:16:11.344Z,costabravaweb.com
2021-09-08T13:15:59.653Z,costabravaweb.com
2021-09-08T13:11:06.668Z,discoverbhutanese.com
2021-09-08T13:11:01.684Z,discoverbhutanese.com
2021-09-08T13:05:18.762Z,caroutlet.ec
2021-09-08T13:02:41.865Z,www.wikipedia.org
2021-09-08T13:01:21.700Z,caroutlet.ec
2021-09-08T12:53:34.761Z,caroutlet.ec
2021-09-08T12:44:58.673Z,costabravaweb.com
2021-09-08T12:43:21.737Z,costabravaweb.com
2021-09-08T12:39:44.224Z,caroutlet.ec
2021-09-08T12:39:06.858Z,costabravaweb.com
2021-09-08T12:35:37.175Z,caroutlet.ec
2021-09-08T12:24:46.179Z,caroutlet.ec
2021-09-08T11:43:39.099Z,caroutlet.ec
2021-09-08T11:41:32.448Z,caroutlet.ec
2021-09-08T09:48:20.504Z,discoverbhutanese.com
2021-09-08T09:43:37.965Z,webstore4u.com
2021-09-08T09:40:01.738Z,ivys.com.pk
2021-09-08T09:34:52.992Z,coachonthego.net
2021-09-08T05:51:33.927Z,tshabangu.co.za
2021-09-08T05:15:24.377Z,lookforward.org.za
2021-09-08T01:51:19.628Z,webstore4u.com
2021-09-08T01:20:18.079Z,yongdrel.com
2021-09-08T00:44:53.964Z,discoverbhutanese.com
2021-09-07T22:56:35.639Z,slidepiece.com
2021-09-07T22:45:43.717Z,maliksupreme.com
2021-09-07T20:43:26.564Z,discoverbhutanese.com
2021-09-07T20:14:47.583Z,get24foodhub.com
2021-09-07T19:50:28.278Z,discoverbhutanese.com
2021-09-07T19:41:04.988Z,annapolisrestyle.com
2021-09-07T19:39:32.871Z,discoverbhutanese.com
2021-09-07T19:15:21.528Z,discoverbhutanese.com
2021-09-07T19:14:47.211Z,discoverbhutanese.com
2021-09-07T19:13:27.212Z,discoverbhutanese.com
2021-09-07T19:10:42.837Z,discoverbhutanese.com
2021-09-07T19:09:41.120Z,theericpayton.com
2021-09-07T18:58:34.383Z,discoverbhutanese.com
2021-09-07T18:54:58.933Z,discoverbhutanese.com
2021-09-07T18:50:23.031Z,maliksupreme.com
2021-09-07T18:46:57.176Z,maliksupreme.com
2021-09-07T18:20:51.621Z,discoverbhutanese.com
2021-09-07T18:03:17.774Z,yongdrel.com
2021-09-07T17:34:49.178Z,www.wikipedia.org
2021-09-07T17:34:47.182Z,www.wikipedia.org
2021-09-07T16:54:48.905Z,yongdrel.com
2021-09-07T16:28:10.819Z,hwy192.com
2021-09-07T16:23:57.219Z,yongdrel.com
2021-09-07T16:21:30.834Z,www.wikipedia.org
2021-09-07T16:15:57.194Z,www.wikipedia.org
2021-09-07T16:06:29.996Z,apktricks.net
2021-09-07T16:01:27.448Z,webstore4u.com
2021-09-07T15:56:10.533Z,hwy192.com
2021-09-07T15:51:35.154Z,www.wikipedia.org
2021-09-07T15:44:33.864Z,radiobicentenario.cl
2021-09-07T15:44:10.825Z,www.wikipedia.org
2021-09-07T15:36:55.902Z,lookforward.org.za
2021-09-07T15:26:50.905Z,hwy192.com
2021-09-07T15:22:47.173Z,tshabangu.co.za
2021-09-07T15:16:55.036Z,tshabangu.co.za
2021-09-07T14:52:53.954Z,apktricks.net
2021-09-07T14:52:37.208Z,apktricks.net
2021-09-07T14:47:19.472Z,isosegseguranca.com.br
2021-09-07T14:47:10.049Z,isosegseguranca.com.br
2021-09-07T14:41:17.982Z,hwy192.com
2021-09-07T14:33:15.159Z,wolfofcarts.com
2021-09-07T14:25:50.642Z,coastalcottagestogo.com
2021-09-07T14:15:04.275Z,vicanconsulting.co.za
2021-09-07T14:10:23.982Z,hwy192.com
2021-09-07T13:49:56.079Z,tshabangu.co.za
2021-09-07T13:26:27.954Z,santacapital.co
2021-09-07T13:17:56.287Z,coachonthego.net
2021-09-07T13:16:00.372Z,redexposocial.org
2021-09-07T13:07:31.479Z,ivys.com.pk
2021-09-07T13:07:11.468Z,ivys.com.pk
2021-09-07T13:05:22.467Z,www.wikipedia.org
2021-09-07T12:47:41.868Z,krishantha.net
2021-09-07T12:34:03.484Z,webstore4u.com
2021-09-07T12:29:53.541Z,webstore4u.com
2021-09-07T12:23:16.566Z,onlinefriendshipclubs.in
2021-09-07T12:08:49.891Z,www.wikipedia.org
2021-09-07T12:05:09.468Z,www.wikipedia.org
2021-09-07T07:15:21.182Z,radiobicentenario.cl
2021-09-07T07:01:53.000Z,www.wikipedia.org
2021-09-07T06:32:07.552Z,santacapital.co
2021-09-07T04:27:09.918Z,www.concreteindustriescomplex.com
2021-09-07T03:00:16.304Z,www.wikipedia.org
2021-09-07T02:49:59.830Z,umeacademy.com
2021-09-07T02:47:20.599Z,umeacademy.com
2021-09-07T02:45:25.940Z,www.wikipedia.org
2021-09-07T02:45:10.357Z,umeacademy.com
2021-09-07T01:48:52.629Z,umeacademy.com
2021-09-07T01:26:37.171Z,radiobicentenario.cl
2021-09-07T01:26:32.141Z,radiobicentenario.cl
2021-09-06T20:18:32.139Z,hotnethosting.net
2021-09-06T16:15:57.139Z,www.wikipedia.org
2021-09-06T15:15:57.760Z,webstore4u.com
2021-09-06T14:17:58.700Z,www.concreteindustriescomplex.com
2021-09-06T13:52:17.493Z,www.concreteindustriescomplex.com
2021-09-06T13:51:16.595Z,www.concreteindustriescomplex.com
2021-09-06T13:25:18.169Z,tweech.com
2021-09-06T13:16:15.616Z,www.concreteindustriescomplex.com
2021-09-06T12:53:45.814Z,www.concreteindustriescomplex.com
2021-09-06T12:08:07.465Z,webstore4u.com
2021-09-06T09:34:10.295Z,schuylkillexcavating.com
2021-09-06T07:03:45.405Z,wolfofcarts.com
2021-09-06T06:56:02.377Z,get24foodhub.com
2021-09-06T06:53:52.947Z,www.wikipedia.org
2021-09-06T06:42:04.625Z,babugee.com.pk
2021-09-06T06:34:13.742Z,tweech.com
2021-09-06T02:48:31.407Z,hpfitnessntraining.com
2021-09-06T02:39:22.329Z,redexposocial.org
2021-09-06T02:37:37.680Z,redexposocial.org
2021-09-06T02:36:19.507Z,redexposocial.org
2021-09-06T02:32:35.592Z,primesecurity.pk
2021-09-06T02:30:45.968Z,primesecurity.pk
2021-09-06T02:28:24.586Z,redexposocial.org
2021-09-06T02:04:49.977Z,hpfitnessntraining.com
2021-09-05T16:15:49.700Z,www.wikipedia.org
2021-09-05T10:33:54.762Z,santacapital.co
2021-09-05T06:51:45.014Z,www.wikipedia.org
2021-09-05T06:01:37.463Z,primesecurity.pk
2021-09-04T16:15:51.901Z,www.wikipedia.org
2021-09-04T13:05:27.030Z,primesecurity.pk
2021-09-04T13:05:22.032Z,primesecurity.pk
2021-09-04T13:05:17.028Z,primesecurity.pk
2021-09-04T13:05:12.025Z,primesecurity.pk
2021-09-04T08:59:31.547Z,redexposocial.org
2021-09-04T08:18:40.792Z,santacapital.co
2021-09-04T07:39:50.011Z,santacapital.co
2021-09-04T06:50:58.685Z,www.wikipedia.org
2021-09-04T05:16:13.875Z,actioncancerhospital.com
2021-09-04T04:55:35.460Z,foxproindia.com
2021-09-04T04:13:06.779Z,foxproindia.com
2021-09-04T03:50:08.782Z,primesecurity.pk
2021-09-04T03:44:16.269Z,foxproindia.com
2021-09-04T02:47:13.559Z,urwowdeals.com
2021-09-04T02:46:28.878Z,www.wikipedia.org
2021-09-04T01:42:12.011Z,centreofexcellence.in
2021-09-04T00:08:07.454Z,www.wikipedia.org
2021-09-04T00:07:49.833Z,urwowdeals.com
2021-09-03T21:24:24.039Z,medicc.org
2021-09-03T21:09:40.334Z,urwowdeals.com
2021-09-03T20:34:42.311Z,www.wikipedia.org
2021-09-03T20:33:28.686Z,foxproindia.com
2021-09-03T20:31:59.026Z,devinhillroyaltyrealty.properties
2021-09-03T20:07:31.371Z,www.wikipedia.org
2021-09-03T20:06:13.732Z,www.wikipedia.org
2021-09-03T20:05:02.449Z,urwowdeals.com
2021-09-03T19:55:12.241Z,stolenseasonsbook.com
2021-09-03T19:50:56.842Z,medicc.org
2021-09-03T19:43:58.908Z,hpfitnessntraining.com
2021-09-03T19:40:53.926Z,stolenseasonsbook.com
2021-09-03T19:40:51.264Z,stolenseasonsbook.com
2021-09-03T19:40:02.376Z,stolenseasonsbook.com
2021-09-03T19:24:11.166Z,primesecurity.pk
2021-09-03T18:54:29.237Z,stolenseasonsbook.com
2021-09-03T18:43:52.168Z,get24foodhub.com
2021-09-03T18:43:07.627Z,hpfitnessntraining.com
2021-09-03T18:38:03.499Z,vantastik.net
2021-09-03T18:36:14.463Z,krishantha.net
2021-09-03T18:26:36.109Z,masiha.org
2021-09-03T18:07:50.055Z,foxproindia.com
2021-09-03T17:50:56.840Z,headlines.ng
2021-09-03T17:37:32.119Z,medicc.org
2021-09-03T17:32:38.183Z,medicc.org
2021-09-03T17:28:33.654Z,webstore4u.com
2021-09-03T17:03:09.317Z,www.wikipedia.org
2021-09-03T17:00:03.930Z,headlines.ng
2021-09-03T16:16:00.745Z,www.wikipedia.org
2021-09-03T16:09:00.103Z,santacapital.co
2021-09-03T16:04:21.141Z,medicc.org
2021-09-03T15:56:17.969Z,santacapital.co
2021-09-03T15:55:05.371Z,santacapital.co
2021-09-03T15:38:07.480Z,santacapital.co
2021-09-03T15:32:04.151Z,santacapital.co
2021-09-03T14:58:16.133Z,www.wikipedia.org
2021-09-03T14:57:59.233Z,centreofexcellence.in
2021-09-03T14:53:40.620Z,santacapital.co
2021-09-03T14:49:53.500Z,www.wikipedia.org
2021-09-03T14:49:03.385Z,mckesson.io
2021-09-03T14:41:44.204Z,amvpapeis.com.br
2021-09-03T14:10:33.659Z,headlines.ng
2021-09-03T13:50:25.778Z,santacapital.co
2021-09-03T13:30:35.093Z,tweech.com
2021-09-03T13:29:20.204Z,tweech.com
2021-09-03T13:28:03.953Z,muscleheadmeals.com
2021-09-03T13:26:43.105Z,spcoal.in
2021-09-03T13:26:31.800Z,headlines.ng
2021-09-03T13:13:10.509Z,montedelasluces.org
2021-09-03T11:22:54.298Z,babugee.com.pk
2021-09-03T10:52:14.543Z,actioncancerhospital.com
2021-09-03T08:02:24.167Z,calibrifonts.xyz
2021-09-03T07:45:22.375Z,calibrifonts.xyz
2021-09-03T07:08:57.915Z,headlines.ng
2021-09-03T07:08:17.339Z,headlines.ng
2021-09-03T07:07:42.179Z,headlines.ng
2021-09-03T06:50:45.684Z,www.wikipedia.org
2021-09-03T06:44:59.063Z,headlines.ng
2021-09-03T06:44:25.363Z,headlines.ng
2021-09-03T06:30:11.524Z,headlines.ng
2021-09-03T06:28:46.275Z,headlines.ng
2021-09-03T06:28:07.392Z,headlines.ng
2021-09-03T05:33:43.953Z,www.wikipedia.org
2021-09-03T04:47:23.536Z,actioncancerhospital.com
2021-09-03T04:04:48.180Z,calibrifonts.xyz
2021-09-03T04:02:17.856Z,saishreyas.com
2021-09-03T02:19:23.071Z,centreofexcellence.in
2021-09-03T01:41:20.821Z,accurate-insight.com
2021-09-03T01:08:46.644Z,headlines.ng
2021-09-03T01:08:41.655Z,headlines.ng
2021-09-03T00:27:01.791Z,armitazh.com
2021-09-02T22:57:23.584Z,armitazh.com
2021-09-02T21:49:55.344Z,secretstvsh.com
2021-09-02T21:44:58.524Z,headlines.ng
2021-09-02T21:17:02.964Z,headlines.ng
2021-09-02T21:16:34.970Z,headlines.ng
2021-09-02T21:06:49.112Z,gardencollege.cl
2021-09-02T20:09:22.562Z,gardencollege.cl
2021-09-02T20:06:46.677Z,gardencollege.cl
2021-09-02T20:06:08.382Z,headlines.ng
2021-09-02T19:58:37.799Z,gardencollege.cl
2021-09-02T19:47:38.924Z,liftingupjesus.com
2021-09-02T19:32:47.033Z,headlines.ng
2021-09-02T19:28:04.963Z,headlines.ng
2021-09-02T19:16:33.492Z,headlines.ng
2021-09-02T19:10:42.562Z,sisrp.cl
2021-09-02T19:05:41.986Z,headlines.ng
2021-09-02T18:57:47.102Z,sisrp.cl
2021-09-02T18:44:33.950Z,headlines.ng
2021-09-02T18:44:31.780Z,headlines.ng
2021-09-02T18:43:25.450Z,headlines.ng
2021-09-02T18:34:50.658Z,headlines.ng
2021-09-02T18:34:34.993Z,headlines.ng
2021-09-02T18:30:41.281Z,medicc.org
2021-09-02T18:23:04.933Z,sisrp.cl
2021-09-02T18:18:40.066Z,headlines.ng
2021-09-02T18:17:11.283Z,californiapremierecbd.com
2021-09-02T18:13:36.227Z,headlines.ng
2021-09-02T18:09:08.689Z,sisrp.cl
2021-09-02T18:08:50.009Z,sisrp.cl
2021-09-02T18:07:50.924Z,sisrp.cl
2021-09-02T18:05:56.930Z,inmobiliariaklocker.cl
2021-09-02T18:05:31.158Z,accurate-insight.com
2021-09-02T17:59:07.072Z,sisrp.cl
2021-09-02T17:55:57.744Z,sisrp.cl
2021-09-02T17:54:57.475Z,sisrp.cl
2021-09-02T17:45:50.464Z,actioncancerhospital.com
2021-09-02T17:40:56.193Z,actioncancerhospital.com
2021-09-02T17:14:01.322Z,centreofexcellence.in
2021-09-02T16:42:16.230Z,foxproindia.com
2021-09-02T16:20:54.328Z,headlines.ng
2021-09-02T16:16:13.505Z,www.wikipedia.org
2021-09-02T16:08:25.184Z,tweech.com
2021-09-02T16:07:13.812Z,headlines.ng
2021-09-02T16:07:09.114Z,headlines.ng
2021-09-02T16:06:04.950Z,headlines.ng
2021-09-02T15:59:10.926Z,headlines.ng
2021-09-02T15:58:04.836Z,headlines.ng
2021-09-02T15:48:41.546Z,headlines.ng
2021-09-02T15:47:01.148Z,headlines.ng
2021-09-02T15:46:35.921Z,headlines.ng
2021-09-02T15:43:40.221Z,headlines.ng
2021-09-02T15:41:47.069Z,headlines.ng
2021-09-02T15:41:28.377Z,headlines.ng
2021-09-02T15:31:20.091Z,headlines.ng
2021-09-02T15:29:30.976Z,headlines.ng
2021-09-02T15:27:24.911Z,headlines.ng
2021-09-02T15:24:33.282Z,headlines.ng
2021-09-02T15:20:24.945Z,www.wikipedia.org
2021-09-02T15:17:30.610Z,headlines.ng
2021-09-02T15:11:32.486Z,headlines.ng
2021-09-02T15:10:01.764Z,headlines.ng
2021-09-02T15:09:31.354Z,headlines.ng
2021-09-02T15:08:20.479Z,headlines.ng
2021-09-02T15:05:19.120Z,headlines.ng
2021-09-02T14:50:22.220Z,centreofexcellence.in
2021-09-02T14:49:08.552Z,www.wikipedia.org
2021-09-02T14:45:13.220Z,centreofexcellence.in
2021-09-02T13:57:31.270Z,wolfofcarts.com
2021-09-02T13:47:20.160Z,tweech.com
2021-09-02T13:42:25.866Z,foxproindia.com
2021-09-02T13:35:43.689Z,foxproindia.com
2021-09-02T13:33:11.618Z,tweech.com
2021-09-02T13:30:34.515Z,tweech.com
2021-09-02T13:28:27.129Z,foxproindia.com
2021-09-02T13:26:56.802Z,tweech.com
2021-09-02T13:02:36.660Z,centreofexcellence.in
2021-09-02T13:02:21.655Z,centreofexcellence.in
2021-09-02T12:55:40.386Z,centreofexcellence.in
2021-09-02T11:51:39.838Z,centreofexcellence.in
2021-09-02T09:41:45.017Z,actioncancerhospital.com
2021-09-02T09:40:04.549Z,centreofexcellence.in
2021-09-02T09:37:13.675Z,centreofexcellence.in
2021-09-02T09:07:10.496Z,centreofexcellence.in
2021-09-02T08:36:09.912Z,centreofexcellence.in
2021-09-02T08:29:39.420Z,centreofexcellence.in
2021-09-02T08:07:17.893Z,centreofexcellence.in
2021-09-02T04:35:10.019Z,actioncancerhospital.com
2021-09-02T04:14:32.677Z,actioncancerhospital.com
2021-09-02T03:07:23.220Z,centreofexcellence.in
2021-09-02T02:53:05.801Z,actioncancerhospital.com
2021-09-02T01:22:42.195Z,urbanizeadm.com.br
2021-09-02T01:22:37.185Z,urbanizeadm.com.br
2021-09-02T00:45:08.273Z,wolfofcarts.com
2021-09-01T23:34:01.680Z,centreofexcellence.in
2021-09-01T21:14:17.261Z,wolfofcarts.com
2021-09-01T21:01:02.603Z,urbanizeadm.com.br
2021-09-01T20:08:58.817Z,centreofexcellence.in
2021-09-01T19:10:46.540Z,actioncancerhospital.com
2021-09-01T18:56:25.956Z,elshopping.com.ar
2021-09-01T18:41:55.058Z,centreofexcellence.in
2021-09-01T18:26:35.650Z,centreofexcellence.in
2021-09-01T18:11:22.939Z,centreofexcellence.in
2021-09-01T17:50:37.244Z,actioncancerhospital.com
2021-09-01T17:50:14.451Z,mc-spa.com
2021-09-01T17:32:57.659Z,premiumautocar.com
2021-09-01T17:28:37.774Z,centreofexcellence.in
2021-09-01T17:17:59.854Z,centreofexcellence.in
2021-09-01T17:04:10.790Z,centreofexcellence.in
2021-09-01T16:58:56.417Z,centreofexcellence.in
2021-09-01T16:48:05.022Z,mc-spa.com
2021-09-01T16:44:25.376Z,elshopping.com.ar
2021-09-01T16:42:01.361Z,elshopping.com.ar
2021-09-01T16:41:40.685Z,elshopping.com.ar
2021-09-01T16:16:25.746Z,www.wikipedia.org
2021-09-01T15:16:02.739Z,centreofexcellence.in
2021-09-01T15:11:50.513Z,premiumautocar.com
2021-09-01T15:06:19.743Z,denikokids.com
2021-09-01T15:04:29.262Z,premiumautocar.com
2021-09-01T14:54:53.097Z,premiumautocar.com
2021-09-01T14:51:57.721Z,premiumautocar.com
2021-09-01T14:50:01.284Z,premiumautocar.com
2021-09-01T14:30:28.879Z,babugee.com.pk
2021-09-01T14:18:10.135Z,actioncancerhospital.com
2021-09-01T14:13:02.577Z,centreofexcellence.in
2021-09-01T13:57:27.337Z,babugee.com.pk
2021-09-01T13:56:45.949Z,babugee.com.pk
2021-09-01T13:53:06.732Z,babugee.com.pk
2021-09-01T13:39:41.478Z,actioncancerhospital.com
2021-09-01T13:14:30.070Z,centreofexcellence.in
2021-09-01T13:12:02.228Z,actioncancerhospital.com
2021-09-01T13:10:32.311Z,centreofexcellence.in
2021-09-01T12:47:01.110Z,centreofexcellence.in
2021-09-01T12:44:05.687Z,actioncancerhospital.com
2021-09-01T12:43:55.336Z,actioncancerhospital.com
2021-09-01T12:09:11.219Z,actioncancerhospital.com
2021-09-01T11:54:23.760Z,actioncancerhospital.com
2021-09-01T11:33:19.832Z,centreofexcellence.in
2021-09-01T11:30:51.213Z,actioncancerhospital.com
2021-09-01T11:26:34.474Z,centreofexcellence.in
2021-09-01T10:52:00.717Z,centreofexcellence.in
2021-09-01T10:50:43.683Z,centreofexcellence.in
2021-09-01T10:40:56.263Z,centreofexcellence.in
2021-09-01T10:27:07.680Z,actioncancerhospital.com
2021-09-01T10:14:19.045Z,centreofexcellence.in
2021-09-01T10:13:46.627Z,actioncancerhospital.com
2021-09-01T10:12:38.704Z,actioncancerhospital.com
2021-09-01T10:04:52.013Z,centreofexcellence.in
2021-09-01T09:59:28.754Z,www.wikipedia.org
2021-09-01T09:52:42.085Z,actioncancerhospital.com
2021-09-01T09:45:29.653Z,actioncancerhospital.com
2021-09-01T09:37:37.929Z,centreofexcellence.in
2021-09-01T09:35:31.437Z,schuylkillexcavating.com
2021-09-01T09:18:28.058Z,schuylkillexcavating.com
2021-09-01T09:09:06.054Z,chutiresort.com
2021-09-01T08:59:50.949Z,centreofexcellence.in
2021-09-01T08:41:41.673Z,rageonline.co.in
2021-09-01T08:37:03.026Z,actioncancerhospital.com
2021-09-01T08:32:26.870Z,rageonline.co.in
2021-09-01T08:29:23.097Z,rageonline.co.in
2021-09-01T08:09:15.963Z,rageonline.co.in
2021-09-01T07:59:39.142Z,schuylkillexcavating.com
2021-09-01T07:58:32.282Z,actioncancerhospital.com
2021-09-01T07:43:49.673Z,actioncancerhospital.com
2021-09-01T07:32:11.294Z,centreofexcellence.in
2021-09-01T07:26:20.854Z,centreofexcellence.in
2021-09-01T07:13:09.699Z,centreofexcellence.in
2021-09-01T07:07:33.141Z,actioncancerhospital.com
2021-09-01T07:04:26.516Z,centreofexcellence.in
2021-09-01T06:47:30.850Z,www.wikipedia.org
2021-09-01T06:40:14.127Z,centreofexcellence.in
2021-09-01T06:26:39.968Z,centreofexcellence.in
2021-09-01T06:06:32.091Z,rageonline.co.in
2021-09-01T05:17:02.812Z,centreofexcellence.in
2021-09-01T04:51:01.294Z,actioncancerhospital.com
2021-09-01T04:33:58.767Z,actioncancerhospital.com
2021-09-01T04:33:31.668Z,actioncancerhospital.com
2021-09-01T04:21:30.437Z,centreofexcellence.in
2021-09-01T04:17:15.295Z,centreofexcellence.in
2021-09-01T03:17:16.304Z,centreofexcellence.in
2021-09-01T03:09:02.468Z,centreofexcellence.in
2021-09-01T02:59:05.007Z,aapsaesthetic.com
2021-09-01T02:49:10.956Z,actioncancerhospital.com
2021-09-01T02:48:10.193Z,centreofexcellence.in
2021-09-01T02:48:01.447Z,actioncancerhospital.com
2021-09-01T02:15:38.124Z,actioncancerhospital.com
2021-09-01T02:12:06.262Z,centreofexcellence.in
2021-09-01T01:47:12.729Z,centreofexcellence.in
2021-09-01T01:23:03.554Z,pellebras.com.br
2021-09-01T01:22:58.564Z,pellebras.com.br
2021-09-01T00:07:33.626Z,titocreations.co.ke
2021-08-31T23:45:00.461Z,actioncancerhospital.com
2021-08-31T23:26:04.539Z,centreofexcellence.in
2021-08-31T23:24:44.965Z,centreofexcellence.in
2021-08-31T23:24:09.903Z,centreofexcellence.in
2021-08-31T23:02:31.468Z,centreofexcellence.in
2021-08-31T23:01:52.970Z,centreofexcellence.in
2021-08-31T23:00:54.639Z,centreofexcellence.in
2021-08-31T22:17:21.465Z,centreofexcellence.in
2021-08-31T22:00:24.534Z,centreofexcellence.in
2021-08-31T21:56:04.031Z,centreofexcellence.in
2021-08-31T21:33:14.177Z,centreofexcellence.in
2021-08-31T21:24:40.498Z,pellebras.com.br
2021-08-31T21:10:39.402Z,schuylkillexcavating.com
2021-08-31T21:02:13.905Z,pellebras.com.br
2021-08-31T20:49:08.018Z,www.wikipedia.org
2021-08-31T20:44:23.313Z,centreofexcellence.in
2021-08-31T20:27:03.424Z,schuylkillexcavating.com
2021-08-31T20:16:21.491Z,schuylkillexcavating.com
2021-08-31T20:13:23.411Z,botkeys.pw
2021-08-31T19:53:08.967Z,schuylkillexcavating.com
2021-08-31T19:52:49.535Z,schuylkillexcavating.com
2021-08-31T19:51:55.897Z,babugee.com.pk
2021-08-31T19:40:37.167Z,schuylkillexcavating.com
2021-08-31T19:17:00.989Z,schuylkillexcavating.com
2021-08-31T19:02:12.236Z,denikokids.com
2021-08-31T18:50:17.148Z,schuylkillexcavating.com
2021-08-31T18:49:15.676Z,denikokids.com
2021-08-31T18:35:36.722Z,schuylkillexcavating.com
2021-08-31T18:28:12.692Z,centreofexcellence.in
2021-08-31T18:11:55.342Z,centreofexcellence.in
2021-08-31T17:56:38.429Z,centreofexcellence.in
2021-08-31T17:56:35.421Z,centreofexcellence.in
2021-08-31T17:41:01.460Z,centreofexcellence.in
2021-08-31T17:38:51.102Z,centreofexcellence.in
2021-08-31T16:48:11.260Z,centreofexcellence.in
2021-08-31T16:31:23.606Z,centreofexcellence.in
2021-08-31T16:31:08.787Z,centreofexcellence.in
2021-08-31T16:22:38.357Z,centreofexcellence.in
2021-08-31T16:03:46.244Z,paracasaba.com
2021-08-31T16:00:11.070Z,meghrigarden.am
2021-08-31T15:56:00.744Z,meghrigarden.am
2021-08-31T15:45:10.783Z,centreofexcellence.in
2021-08-31T15:44:48.794Z,centreofexcellence.in
2021-08-31T15:34:25.851Z,botkeys.pw
2021-08-31T15:32:29.277Z,centreofexcellence.in
2021-08-31T15:10:18.169Z,docurbainonline.ma
2021-08-31T14:56:13.633Z,docurbainonline.ma
2021-08-31T14:39:52.194Z,docurbainonline.ma
2021-08-31T14:33:52.704Z,docurbainonline.ma
2021-08-31T14:27:52.988Z,centreofexcellence.in
2021-08-31T14:10:24.169Z,centreofexcellence.in
2021-08-31T13:50:40.452Z,centreofexcellence.in
2021-08-31T13:31:15.167Z,centreofexcellence.in
2021-08-31T13:22:00.768Z,docurbainonline.ma
2021-08-31T13:13:58.200Z,docurbainonline.ma
2021-08-31T13:08:53.899Z,centreofexcellence.in
2021-08-31T13:07:25.311Z,docurbainonline.ma
2021-08-31T13:07:10.710Z,centreofexcellence.in
2021-08-31T13:04:42.913Z,centreofexcellence.in
2021-08-31T13:03:30.186Z,centreofexcellence.in
2021-08-31T12:58:18.911Z,centreofexcellence.in
2021-08-31T12:55:25.934Z,docurbainonline.ma
2021-08-31T12:20:09.624Z,docurbainonline.ma
2021-08-31T12:11:23.807Z,centreofexcellence.in
2021-08-31T11:39:32.038Z,docurbainonline.ma
2021-08-31T11:11:17.648Z,centreofexcellence.in
2021-08-31T11:10:01.226Z,docurbainonline.ma
2021-08-31T10:41:07.868Z,centreofexcellence.in
2021-08-31T10:37:34.240Z,docurbainonline.ma
2021-08-31T10:37:28.226Z,www.wikipedia.org
2021-08-31T10:36:36.311Z,centreofexcellence.in
2021-08-31T10:29:41.534Z,docurbainonline.ma
2021-08-31T09:37:22.920Z,docurbainonline.ma
2021-08-31T09:22:26.853Z,docurbainonline.ma
2021-08-31T09:17:58.587Z,centreofexcellence.in
2021-08-31T08:48:52.892Z,docurbainonline.ma
2021-08-31T07:53:48.093Z,centreofexcellence.in
2021-08-31T07:33:41.019Z,centreofexcellence.in
2021-08-31T07:30:25.539Z,centreofexcellence.in
2021-08-31T07:28:49.754Z,centreofexcellence.in
2021-08-31T07:27:17.621Z,centreofexcellence.in
2021-08-31T07:23:41.832Z,centreofexcellence.in
2021-08-31T07:22:31.706Z,centreofexcellence.in
2021-08-31T06:53:45.181Z,centreofexcellence.in
2021-08-31T06:42:54.069Z,centreofexcellence.in
2021-08-31T06:34:16.696Z,docurbainonline.ma
2021-08-31T05:22:40.642Z,docurbainonline.ma
2021-08-31T03:59:46.285Z,centreofexcellence.in
2021-08-31T03:45:47.330Z,docurbainonline.ma
2021-08-31T02:40:29.466Z,docurbainonline.ma
2021-08-31T01:06:52.004Z,docurbainonline.ma
2021-08-31T01:04:02.897Z,www.wikipedia.org
2021-08-31T00:23:45.052Z,centreofexcellence.in
2021-08-30T23:15:43.687Z,centreofexcellence.in
2021-08-30T16:38:45.261Z,filtercloth.in
2021-08-30T14:43:36.107Z,docurbainonline.ma
2021-08-30T14:14:57.300Z,docurbainonline.ma
2021-08-30T10:55:01.482Z,integraest.cl
2021-08-30T00:49:17.301Z,www.wikipedia.org
2021-08-29T00:49:09.897Z,www.wikipedia.org
2021-08-28T00:47:51.788Z,www.wikipedia.org
2021-08-27T00:47:48.646Z,www.wikipedia.org
2021-08-26T14:33:43.353Z,wssbd.com
2021-08-26T13:59:14.918Z,wssbd.com
2021-08-26T13:49:56.765Z,wssbd.com
2021-08-26T13:49:29.676Z,wssbd.com
2021-08-26T12:49:45.818Z,wssbd.com
2021-08-26T01:50:46.877Z,www.wikipedia.org
2021-08-26T00:47:17.996Z,www.wikipedia.org
2021-08-25T23:56:19.245Z,wssbd.com
2021-08-25T23:16:51.105Z,wssbd.com
2021-08-25T22:57:13.132Z,wssbd.com
2021-08-25T22:25:39.549Z,wssbd.com
2021-08-25T22:22:57.424Z,wssbd.com
2021-08-25T22:22:10.705Z,wssbd.com
2021-08-25T22:16:35.341Z,wssbd.com
2021-08-25T22:14:59.258Z,wssbd.com
2021-08-25T21:40:21.133Z,wssbd.com
2021-08-25T21:33:41.823Z,wssbd.com
2021-08-25T20:17:56.899Z,wssbd.com
2021-08-25T20:15:44.936Z,wssbd.com
2021-08-25T19:52:14.872Z,wssbd.com
2021-08-25T19:47:16.297Z,wssbd.com
2021-08-25T19:05:55.258Z,wssbd.com
2021-08-25T18:27:18.582Z,wssbd.com
2021-08-25T18:20:20.345Z,wssbd.com
2021-08-25T18:17:54.464Z,wssbd.com
2021-08-25T18:06:36.768Z,wssbd.com
2021-08-25T18:04:24.163Z,wssbd.com
2021-08-25T00:43:07.593Z,www.wikipedia.org
2021-08-24T20:53:14.292Z,talweg.com.br
2021-08-23T18:49:39.100Z,www.wikipedia.org
2021-08-22T21:07:34.955Z,www.wikipedia.org
2021-08-22T19:54:51.313Z,www.wikipedia.org
2021-08-22T13:22:59.313Z,www.wikipedia.org
2021-08-22T12:55:13.110Z,www.wikipedia.org
2021-08-21T12:47:07.164Z,www.wikipedia.org
2021-08-20T12:45:26.818Z,www.wikipedia.org
2021-08-20T08:55:57.958Z,igf.gov.st
2021-08-19T06:50:23.067Z,www.wikipedia.org
2021-08-18T23:40:15.525Z,igf.gov.st
2021-08-18T07:38:00.571Z,realtur.com.tr
2021-08-18T06:45:04.902Z,www.wikipedia.org
2021-08-18T05:33:06.832Z,wellstates.com
2021-08-18T05:33:01.829Z,wellstates.com
2021-08-17T16:24:59.183Z,www.wikipedia.org
2021-08-17T14:15:41.390Z,igf.gov.st
2021-08-17T10:03:12.500Z,dajalimited.co.ke
2021-08-17T10:00:41.376Z,unicargt.org
2021-08-17T06:44:34.393Z,www.wikipedia.org
2021-08-16T06:43:46.164Z,www.wikipedia.org
2021-08-16T05:05:48.526Z,boycott4pal.net
2021-08-16T01:56:03.702Z,boycott4pal.net
2021-08-16T01:11:08.203Z,boycott4pal.net
2021-08-15T06:42:18.087Z,www.wikipedia.org
2021-08-14T00:35:51.517Z,www.wikipedia.org
2021-08-13T00:02:14.009Z,www.wikipedia.org
2021-08-13T00:01:49.838Z,www.wikipedia.org
2021-08-11T22:38:12.343Z,arvan-co.com
2021-08-11T18:31:11.920Z,cneo.in
2021-08-11T16:16:04.213Z,www.wikipedia.org
2021-08-11T15:53:26.529Z,cneo.in
2021-08-11T14:34:24.999Z,boycott4pal.net
2021-08-11T09:41:47.967Z,boycott4pal.net
2021-08-11T03:22:03.227Z,boycott4pal.net
2021-08-11T03:02:35.677Z,boycott4pal.net
2021-08-11T02:52:31.504Z,boycott4pal.net
2021-08-10T18:13:43.207Z,realtur.com.tr
2021-08-10T16:35:27.093Z,realtur.com.tr
2021-08-10T16:15:49.588Z,www.wikipedia.org
2021-08-10T15:43:30.449Z,realtur.com.tr
2021-08-10T09:31:01.507Z,cneo.in
2021-08-09T17:08:03.080Z,cneo.in
2021-08-09T17:07:32.926Z,cneo.in
2021-08-09T16:23:54.282Z,cneo.in
2021-08-09T16:15:56.640Z,www.wikipedia.org
2021-08-09T14:37:23.308Z,cneo.in
2021-08-09T14:30:03.063Z,cneo.in
2021-08-09T11:27:08.477Z,cneo.in
2021-08-08T16:15:24.876Z,www.wikipedia.org
2021-08-07T16:15:49.929Z,www.wikipedia.org
2021-08-06T22:53:18.642Z,jsateliers.com
2021-08-06T22:50:57.226Z,jsateliers.com
2021-08-06T15:39:36.503Z,malaysiancasinos.com
2021-08-06T13:57:01.619Z,malaysiancasinos.com
2021-08-05T16:43:54.184Z,malaysiancasinos.com
2021-08-05T16:16:37.648Z,www.wikipedia.org
2021-08-05T15:39:09.878Z,darmaxonline.com
2021-08-05T15:32:39.161Z,malaysiancasinos.com
2021-08-05T15:19:53.287Z,darmaxonline.com
2021-08-05T15:08:48.005Z,malaysiancasinos.com
2021-08-05T09:21:25.045Z,unionartisancoffee.com
2021-08-05T04:28:56.445Z,unionartisancoffee.com
2021-08-04T21:37:22.469Z,www.wikipedia.org
2021-08-04T21:29:30.979Z,alrayaun.com
2021-08-04T21:28:51.366Z,alrayaun.com
2021-08-04T21:27:36.502Z,alrayaun.com
2021-08-04T21:05:26.456Z,www.wikipedia.org
2021-08-04T19:59:44.147Z,alrayaun.com
2021-08-04T19:45:36.166Z,alrayaun.com
2021-08-04T19:04:30.730Z,alrayaun.com
2021-08-04T18:40:30.468Z,alrayaun.com
2021-08-04T18:16:37.601Z,www.wikipedia.org
2021-08-04T17:13:47.694Z,alrayaun.com
2021-08-04T17:08:17.363Z,unionartisancoffee.com
2021-08-04T16:24:14.116Z,alrayaun.com
2021-08-04T16:21:15.543Z,alrayaun.com
2021-08-04T16:19:05.722Z,www.wikipedia.org
2021-08-04T16:18:25.573Z,vdubeheer.nl
2021-08-04T16:16:06.278Z,www.wikipedia.org
2021-08-04T16:15:07.073Z,vdubeheer.nl
2021-08-04T16:07:16.986Z,vdubeheer.nl
2021-08-04T15:15:42.559Z,unionartisancoffee.com
2021-08-04T14:56:49.794Z,epicglory.in
2021-08-04T14:39:59.715Z,epicglory.in
2021-08-04T13:27:54.374Z,unionartisancoffee.com
2021-08-04T13:22:17.921Z,unionartisancoffee.com
2021-08-04T12:36:36.414Z,unionartisancoffee.com
2021-08-04T12:29:37.041Z,unionartisancoffee.com
2021-08-04T11:12:16.397Z,unionartisancoffee.com
2021-08-04T11:07:10.401Z,unionartisancoffee.com
2021-08-04T08:42:41.526Z,unionartisancoffee.com
2021-08-04T08:24:03.642Z,alrayaun.com
2021-08-04T07:45:11.789Z,unionartisancoffee.com
2021-08-04T07:40:27.772Z,unionartisancoffee.com
2021-08-04T07:36:06.776Z,nnogc.com
2021-08-04T07:33:43.946Z,nnogc.com
2021-08-04T07:24:35.937Z,nnogc.com
2021-08-04T07:10:45.603Z,nnogc.com
2021-08-04T06:55:06.505Z,nnogc.com
2021-08-04T06:50:58.460Z,nnogc.com
2021-08-04T06:41:23.356Z,unionartisancoffee.com
2021-08-04T01:21:51.907Z,buencker.de
2021-08-04T01:21:46.902Z,buencker.de
2021-08-03T22:12:26.431Z,unionartisancoffee.com
2021-08-03T22:08:28.073Z,unionartisancoffee.com
2021-08-03T21:29:20.404Z,unionartisancoffee.com
2021-08-03T20:09:18.386Z,unionartisancoffee.com
2021-08-03T19:39:21.617Z,nnogc.com
2021-08-03T19:35:21.525Z,nnogc.com
2021-08-03T19:11:46.017Z,unionartisancoffee.com
2021-08-03T19:06:52.119Z,unionartisancoffee.com
2021-08-03T19:00:58.207Z,unionartisancoffee.com
2021-08-03T18:44:04.533Z,unionartisancoffee.com
2021-08-03T18:29:16.749Z,unionartisancoffee.com
2021-08-03T18:27:16.215Z,unionartisancoffee.com
2021-08-03T18:13:33.169Z,unionartisancoffee.com
2021-08-03T18:10:37.118Z,unionartisancoffee.com
2021-08-03T18:10:27.311Z,unionartisancoffee.com
2021-08-03T18:07:28.877Z,unionartisancoffee.com
2021-08-03T18:05:00.994Z,unionartisancoffee.com
2021-08-03T18:04:20.604Z,unionartisancoffee.com
2021-08-03T16:58:56.120Z,alrayaun.com
2021-08-03T16:15:35.868Z,www.wikipedia.org
2021-08-03T16:12:17.966Z,shanghaisocial.com.pk
2021-08-03T15:48:35.476Z,shanghaisocial.com.pk
2021-08-03T15:40:08.055Z,shanghaisocial.com.pk
2021-08-03T15:25:41.077Z,shanghaisocial.com.pk
2021-08-03T14:45:12.761Z,shanghaisocial.com.pk
2021-08-03T14:40:27.623Z,shanghaisocial.com.pk
2021-08-03T14:36:27.511Z,shanghaisocial.com.pk
2021-08-03T14:35:05.693Z,shanghaisocial.com.pk
2021-08-03T14:26:30.241Z,shanghaisocial.com.pk
2021-08-03T14:19:52.718Z,shanghaisocial.com.pk
2021-08-03T13:59:50.778Z,shanghaisocial.com.pk
2021-08-03T13:58:17.815Z,shanghaisocial.com.pk
2021-08-03T13:48:59.657Z,shanghaisocial.com.pk
2021-08-03T13:47:54.753Z,shanghaisocial.com.pk
2021-08-03T13:43:32.426Z,shanghaisocial.com.pk
2021-08-03T13:04:38.017Z,shanghaisocial.com.pk
2021-08-03T12:33:44.616Z,shanghaisocial.com.pk
2021-08-03T02:09:35.221Z,displaysandbeyond.com
2021-08-03T01:13:34.194Z,onlinebargains4less.com
2021-08-03T01:09:52.500Z,onlinebargains4less.com
2021-08-03T01:07:31.848Z,www.wikipedia.org
2021-08-03T00:54:39.112Z,onlinebargains4less.com
2021-07-30T05:07:28.161Z,techrabytes.com
2021-07-30T04:52:18.017Z,wannprint.com
2021-07-29T18:07:34.769Z,joaniescafepaloalto.com
2021-07-29T17:24:04.576Z,joaniescafepaloalto.com
2021-07-29T16:18:47.952Z,www.wikipedia.org
2021-07-29T16:17:12.486Z,www.wikipedia.org
2021-07-29T14:28:42.638Z,unionartisancoffee.com
2021-07-29T14:20:28.682Z,unionartisancoffee.com
2021-07-29T11:35:12.444Z,joaniescafepaloalto.com
2021-07-29T01:16:22.611Z,cyprusvillamanagement.com
2021-07-28T20:30:50.952Z,cyprusvillamanagement.com
2021-07-28T18:12:13.189Z,theburgerbabe.com
2021-07-28T16:04:45.511Z,treefrogpromotions.co.uk
2021-07-28T15:17:24.672Z,vaswanigroup.com
2021-07-28T13:41:58.902Z,aiinstitute.org.za
2021-07-28T13:40:08.768Z,aiinstitute.org.za
2021-07-28T13:40:02.744Z,adsolz.org
2021-07-28T13:33:05.018Z,adsolz.org
2021-07-28T13:09:22.780Z,vaswanigroup.com
2021-07-28T12:25:47.647Z,www.wikipedia.org
2021-07-28T11:48:53.968Z,treefrogpromotions.co.uk
2021-07-28T08:48:50.925Z,informe2019.postobon.com
2021-07-28T07:16:31.680Z,training.jobmac.de
2021-07-28T07:12:12.441Z,cihairstudio.ca
2021-07-28T05:52:59.778Z,cihairstudio.ca
2021-07-28T04:28:22.177Z,vaswanigroup.com
2021-07-28T01:22:50.793Z,vaswanigroup.com
2021-07-27T18:29:46.736Z,vaswanigroup.com
2021-07-27T18:27:14.051Z,vaswanigroup.com
2021-07-27T17:24:02.346Z,teamcha0s.com
2021-07-27T16:20:12.243Z,vaswanigroup.com
2021-07-27T16:19:39.001Z,vaswanigroup.com
2021-07-27T16:18:51.063Z,vaswanigroup.com
2021-07-27T16:18:18.562Z,vaswanigroup.com
2021-07-27T13:56:15.132Z,smartcaremd.com
2021-07-27T13:48:33.747Z,smartcaremd.com
2021-07-27T13:38:03.323Z,smartcaremd.com
2021-07-27T13:17:23.277Z,smartcaremd.com
2021-07-27T12:48:23.146Z,smartcaremd.com
2021-07-27T12:45:53.959Z,smartcaremd.com
2021-07-27T12:42:30.967Z,smartcaremd.com
2021-07-27T12:39:54.808Z,smartcaremd.com
2021-07-27T12:23:09.156Z,smartcaremd.com
2021-07-27T12:22:52.570Z,smartcaremd.com
2021-07-27T12:15:30.591Z,smartcaremd.com
2021-07-27T12:14:47.167Z,smartcaremd.com
2021-07-27T12:13:20.339Z,smartcaremd.com
2021-07-27T12:12:15.850Z,smartcaremd.com
2021-07-27T11:47:57.904Z,smartcaremd.com
2021-07-27T11:36:26.629Z,smartcaremd.com
2021-07-27T11:35:16.618Z,smartcaremd.com
2021-07-27T11:33:56.908Z,smartcaremd.com
2021-07-27T11:32:48.513Z,smartcaremd.com
2021-07-27T10:47:55.971Z,smartcaremd.com
2021-07-27T10:47:02.837Z,smartcaremd.com
2021-07-27T10:41:03.645Z,smartcaremd.com
2021-07-27T10:40:47.358Z,smartcaremd.com
2021-07-27T10:40:31.048Z,smartcaremd.com
2021-07-27T10:39:46.964Z,smartcaremd.com
2021-07-27T10:39:14.372Z,smartcaremd.com
2021-07-27T10:26:23.250Z,www.wikipedia.org
2021-07-27T10:24:04.397Z,smartcaremd.com
2021-07-27T10:02:30.131Z,smartcaremd.com
2021-07-27T10:00:42.708Z,smartcaremd.com
2021-07-27T10:00:03.699Z,smartcaremd.com
2021-07-27T09:59:04.185Z,smartcaremd.com
2021-07-27T09:58:16.235Z,smartcaremd.com
2021-07-27T09:35:56.302Z,smartcaremd.com
2021-07-27T09:35:06.684Z,smartcaremd.com
2021-07-27T09:12:35.173Z,smartcaremd.com
2021-07-27T09:03:20.990Z,smartcaremd.com
2021-07-27T09:02:53.509Z,smartcaremd.com
2021-07-27T09:02:08.678Z,smartcaremd.com
2021-07-27T08:36:58.772Z,smartcaremd.com
2021-07-27T08:24:15.389Z,smartcaremd.com
2021-07-27T08:22:26.458Z,smartcaremd.com
2021-07-27T08:20:14.405Z,smartcaremd.com
2021-07-27T08:19:03.132Z,smartcaremd.com
2021-07-27T08:13:55.797Z,smartcaremd.com
2021-07-27T08:12:21.437Z,smartcaremd.com
2021-07-27T08:10:38.524Z,smartcaremd.com
2021-07-27T08:10:31.889Z,smartcaremd.com
2021-07-27T08:05:25.295Z,smartcaremd.com
2021-07-27T08:05:07.898Z,smartcaremd.com
2021-07-27T08:05:03.614Z,smartcaremd.com
2021-07-27T08:04:33.676Z,smartcaremd.com
2021-07-27T08:03:40.846Z,smartcaremd.com
2021-07-27T08:00:48.185Z,smartcaremd.com
2021-07-27T07:50:41.576Z,smartcaremd.com
2021-07-27T07:50:02.692Z,smartcaremd.com
2021-07-27T07:48:05.450Z,smartcaremd.com
2021-07-27T07:47:32.245Z,smartcaremd.com
2021-07-27T07:47:17.147Z,smartcaremd.com
2021-07-27T07:46:18.067Z,smartcaremd.com
2021-07-27T07:45:17.513Z,smartcaremd.com
2021-07-27T07:44:16.684Z,smartcaremd.com
2021-07-27T07:42:34.396Z,smartcaremd.com
2021-07-27T07:42:07.842Z,smartcaremd.com
2021-07-27T07:35:23.272Z,smartcaremd.com
2021-07-27T07:34:23.741Z,smartcaremd.com
2021-07-27T07:32:22.683Z,smartcaremd.com
2021-07-27T07:31:17.396Z,smartcaremd.com
2021-07-27T07:18:20.255Z,smartcaremd.com
2021-07-27T06:56:00.169Z,smartcaremd.com
2021-07-27T06:55:27.002Z,smartcaremd.com
2021-07-27T06:54:47.541Z,smartcaremd.com
2021-07-27T06:54:14.740Z,smartcaremd.com
2021-07-27T06:52:08.208Z,smartcaremd.com
2021-07-27T06:51:24.556Z,smartcaremd.com
2021-07-27T06:49:57.942Z,smartcaremd.com
2021-07-27T06:48:44.017Z,smartcaremd.com
2021-07-27T06:41:25.877Z,smartcaremd.com
2021-07-27T06:40:58.898Z,smartcaremd.com
2021-07-27T06:40:05.690Z,smartcaremd.com
2021-07-27T06:39:16.294Z,smartcaremd.com
2021-07-27T06:38:56.831Z,smartcaremd.com
2021-07-27T06:33:58.909Z,smartcaremd.com
2021-07-27T06:24:44.147Z,www.wikipedia.org
2021-07-27T06:22:17.826Z,smartcaremd.com
2021-07-27T06:13:51.828Z,smartcaremd.com
2021-07-27T06:11:56.580Z,smartcaremd.com
2021-07-27T06:11:15.739Z,smartcaremd.com
2021-07-27T06:10:19.911Z,smartcaremd.com
2021-07-27T06:06:48.944Z,smartcaremd.com
2021-07-27T06:05:29.651Z,smartcaremd.com
2021-07-27T06:03:31.462Z,smartcaremd.com
2021-07-27T06:02:57.655Z,smartcaremd.com
2021-07-27T06:00:13.519Z,smartcaremd.com
2021-07-27T05:55:34.069Z,smartcaremd.com
2021-07-27T05:54:41.527Z,smartcaremd.com
2021-07-27T05:52:44.964Z,smartcaremd.com
2021-07-27T05:52:01.324Z,smartcaremd.com
2021-07-27T05:47:58.817Z,smartcaremd.com
2021-07-27T00:11:37.133Z,vaswanigroup.com
2021-07-26T21:33:25.133Z,vaswanigroup.com
2021-07-26T20:58:23.157Z,vaswanigroup.com
2021-07-26T20:23:40.246Z,vaswanigroup.com
2021-07-26T19:55:52.944Z,vaswanigroup.com
2021-07-26T19:18:17.097Z,vaswanigroup.com
2021-07-26T19:17:43.046Z,vaswanigroup.com
2021-07-26T19:16:50.201Z,vaswanigroup.com
2021-07-26T19:16:16.532Z,vaswanigroup.com
2021-07-26T18:50:02.735Z,vaswanigroup.com
2021-07-26T18:29:15.523Z,vaswanigroup.com
2021-07-26T18:11:49.125Z,vaswanigroup.com
2021-07-26T17:23:55.174Z,vaswanigroup.com
2021-07-26T16:51:55.558Z,vaswanigroup.com
2021-07-26T16:23:09.268Z,vaswanigroup.com
2021-07-26T16:22:22.426Z,vaswanigroup.com
2021-07-26T16:21:04.676Z,vaswanigroup.com
2021-07-26T16:20:23.381Z,vaswanigroup.com
2021-07-26T06:24:41.119Z,www.wikipedia.org
2021-07-26T04:59:34.956Z,ninjutsudensho.com
2021-07-26T02:03:04.793Z,ninjutsudensho.com
2021-07-26T00:55:04.922Z,ninjutsudensho.com
2021-07-26T00:53:37.987Z,ninjutsudensho.com
2021-07-25T00:25:54.313Z,www.wikipedia.org
2021-07-24T13:13:16.025Z,aiinstitute.org.za
2021-07-24T13:13:11.024Z,aiinstitute.org.za
2021-07-24T00:25:34.541Z,www.wikipedia.org
2021-07-23T15:45:36.376Z,radiotemponovo.com.br
2021-07-23T14:46:36.433Z,aberd.co.in
2021-07-23T07:05:57.074Z,imgtrading.eu
2021-07-23T05:16:57.250Z,imgtrading.eu
2021-07-23T04:37:41.660Z,imgtrading.eu
2021-07-23T04:32:37.064Z,www.wikipedia.org
2021-07-23T02:09:32.098Z,imgtrading.eu
2021-07-23T02:06:34.128Z,imgtrading.eu
2021-07-23T02:00:15.524Z,imgtrading.eu
2021-07-23T00:39:49.228Z,numentrix.com
2021-07-23T00:34:47.616Z,numentrix.com
2021-07-22T17:04:15.096Z,bonzz.com
2021-07-22T15:05:17.130Z,sharpvalley.com
2021-07-19T18:05:35.578Z,gbrpaving.xyz
2021-07-15T12:30:31.358Z,slimmaster.com.tw
2021-07-15T12:29:02.095Z,slimmaster.com.tw
2021-07-13T18:37:32.707Z,www.wikipedia.org
2021-07-13T18:36:25.441Z,www.wikipedia.org
2021-07-13T18:29:11.384Z,northernexpressions.com.au
2021-07-13T18:27:06.569Z,northernexpressions.com.au
2021-07-13T12:39:27.284Z,ispscfacultyunion.info
2021-07-12T20:08:21.394Z,jetcompare.com.au
2021-07-12T18:22:38.309Z,jetcompare.com.au
2021-07-12T08:15:52.736Z,jdih.tapinkab.go.id
2021-07-08T10:42:33.484Z,jdih.tapinkab.go.id
2021-07-08T04:07:12.841Z,jdih.tapinkab.go.id
2021-07-07T16:13:37.784Z,surekawageeshwara.com
2021-07-07T16:12:21.886Z,surekawageeshwara.com
2021-07-07T13:50:35.272Z,ezssausage.com
2021-07-07T01:10:48.175Z,amalchariot.org
2021-07-07T01:09:02.060Z,ezssausage.com
2021-07-07T01:08:57.060Z,ezssausage.com
2021-07-06T20:13:50.547Z,jdih.tapinkab.go.id
2021-07-06T17:43:19.626Z,coifart.com.br
2021-07-06T14:21:41.464Z,ezssausage.com
2021-07-06T10:39:04.763Z,amalchariot.org
2021-07-06T06:08:42.676Z,isphde.edu.pe
2021-07-06T06:07:37.210Z,isphde.edu.pe
2021-07-05T23:45:04.090Z,jdih.tapinkab.go.id
2021-07-05T16:16:23.585Z,amalchariot.org
2021-07-05T15:15:18.919Z,jdih.tapinkab.go.id
2021-07-05T11:28:43.278Z,jdih.tapinkab.go.id
2021-07-05T10:44:13.670Z,jdih.tapinkab.go.id
2021-07-05T08:11:32.813Z,mallfin.net
2021-07-05T07:25:33.870Z,jdih.tapinkab.go.id
2021-07-05T07:22:53.389Z,jdih.tapinkab.go.id
2021-07-05T06:32:41.704Z,jdih.tapinkab.go.id
2021-07-05T06:30:20.695Z,jdih.tapinkab.go.id
2021-07-05T06:28:02.453Z,jdih.tapinkab.go.id
2021-07-04T22:14:43.353Z,jdih.tapinkab.go.id
2021-07-04T13:27:54.392Z,jdih.tapinkab.go.id
2021-07-04T13:27:49.391Z,jdih.tapinkab.go.id
2021-07-04T07:58:17.859Z,jdih.tapinkab.go.id
2021-07-04T07:55:58.631Z,jdih.tapinkab.go.id
2021-07-04T07:55:27.376Z,jdih.tapinkab.go.id
2021-07-04T07:24:43.375Z,jdih.tapinkab.go.id
2021-07-04T06:46:40.029Z,jdih.tapinkab.go.id
2021-07-04T06:40:20.801Z,jdih.tapinkab.go.id
2021-07-02T21:04:20.213Z,jdih.tapinkab.go.id
2021-07-02T20:17:47.678Z,jdih.tapinkab.go.id
2021-07-02T20:17:45.412Z,jdih.tapinkab.go.id
2021-07-02T14:24:39.036Z,jdih.tapinkab.go.id
2021-07-02T03:17:49.775Z,jdih.tapinkab.go.id
2021-07-02T03:01:02.158Z,josephandjosephdentalsc.com
2021-07-02T02:54:02.107Z,jdih.tapinkab.go.id
2021-07-02T02:18:42.793Z,hoteldalet.com
2021-07-02T00:59:34.230Z,gims-mali.com
2021-07-02T00:55:27.311Z,360logistic.com
2021-07-01T23:39:29.704Z,jdih.tapinkab.go.id
2021-07-01T21:57:15.515Z,jdih.tapinkab.go.id
2021-07-01T14:34:25.745Z,unlikegallon.com
2021-07-01T13:21:02.211Z,destinostravelperu.com
2021-07-01T13:20:57.208Z,destinostravelperu.com
2021-06-30T07:29:42.535Z,www.wikipedia.org
2021-06-30T07:25:28.231Z,www.wikipedia.org
2021-06-29T19:04:14.024Z,jdih.tapinkab.go.id
2021-06-29T14:13:51.312Z,www.arpsolutions.com.br
2021-06-29T13:21:37.525Z,www.arpsolutions.com.br
2021-06-29T05:15:53.203Z,prodiagnosesp.com.br
2021-06-29T05:13:17.760Z,prodiagnosesp.com.br
2021-06-29T04:29:30.244Z,claims.yuasathai.com
2021-06-29T01:05:55.063Z,prodiagnosesp.com.br
2021-06-29T00:03:55.802Z,prodiagnosesp.com.br
2021-06-29T00:03:53.554Z,prodiagnosesp.com.br
2021-06-28T16:08:10.949Z,jdih.tapinkab.go.id
2021-06-25T15:43:58.202Z,jdih.tapinkab.go.id
2021-06-25T11:43:44.161Z,goldentraining.cl
2021-06-25T11:16:19.048Z,jdih.tapinkab.go.id
2021-06-24T20:23:54.741Z,jdih.tapinkab.go.id
2021-06-24T13:57:40.919Z,jdih.tapinkab.go.id
2021-06-24T13:19:12.149Z,jdih.tapinkab.go.id
2021-06-24T06:51:20.570Z,jdih.tapinkab.go.id
2021-06-24T03:29:12.287Z,jdih.tapinkab.go.id
2021-06-23T08:29:34.565Z,imagefm.com.np
2021-06-22T17:08:59.468Z,jdih.tapinkab.go.id
2021-06-22T14:20:47.762Z,jdih.tapinkab.go.id
2021-06-22T13:00:59.680Z,jdih.tapinkab.go.id
2021-06-22T12:44:56.071Z,jdih.tapinkab.go.id
2021-06-22T12:31:19.843Z,jdih.tapinkab.go.id
2021-06-22T12:16:05.829Z,jdih.tapinkab.go.id
2021-06-21T17:53:12.943Z,jdih.tapinkab.go.id
2021-06-21T16:48:40.975Z,jdih.tapinkab.go.id
2021-06-21T13:21:28.493Z,jdih.tapinkab.go.id
2021-06-21T12:52:12.155Z,jdih.tapinkab.go.id
2021-06-18T20:10:31.916Z,jdih.tapinkab.go.id
2021-06-18T19:48:03.887Z,jdih.tapinkab.go.id
2021-06-18T19:31:18.335Z,jdih.tapinkab.go.id
2021-06-18T19:30:40.869Z,jdih.tapinkab.go.id
2021-06-18T19:29:58.437Z,jdih.tapinkab.go.id
2021-06-18T19:29:14.441Z,jdih.tapinkab.go.id
2021-06-18T19:25:15.024Z,jdih.tapinkab.go.id
2021-06-18T19:00:25.109Z,jdih.tapinkab.go.id
2021-06-18T17:51:04.274Z,jdih.tapinkab.go.id
2021-06-17T09:31:29.437Z,jctuitiononline.com.sg
2021-06-17T06:40:08.519Z,jctuitiononline.com.sg
2021-06-17T05:13:07.151Z,jctuitiononline.com.sg
2021-06-16T21:57:02.948Z,jctuitiononline.com.sg
2021-06-16T19:52:46.253Z,jctuitiononline.com.sg
2021-06-16T19:47:26.917Z,jctuitiononline.com.sg
2021-06-16T18:16:16.897Z,jctuitiononline.com.sg
2021-06-16T15:44:58.916Z,jctuitiononline.com.sg
2021-06-16T14:45:05.409Z,jctuitiononline.com.sg
2021-06-16T13:51:18.132Z,jctuitiononline.com.sg
2021-06-16T12:54:02.916Z,jctuitiononline.com.sg
2021-06-16T10:21:47.415Z,jctuitiononline.com.sg
2021-06-16T10:21:03.829Z,www.wikipedia.org
2021-06-16T07:30:58.694Z,www.grupoprofinmex.com
2021-06-16T07:17:57.224Z,www.grupoprofinmex.com
2021-06-16T07:07:13.884Z,www.grupoprofinmex.com
2021-06-16T03:19:18.712Z,evokeit.com.br
2021-06-16T01:47:17.152Z,www.talkative.sr
2021-06-16T01:03:06.076Z,www.talkative.sr
2021-06-15T23:23:49.201Z,secondarytuitiononline.com.sg
2021-06-15T23:08:42.628Z,islamjanun.com
2021-06-15T22:46:08.088Z,islamjanun.com
2021-06-15T22:25:58.342Z,islamjanun.com
2021-06-15T22:10:54.080Z,islamjanun.com
2021-06-15T21:41:42.672Z,www.vicosiluminacion.com
2021-06-15T21:33:57.759Z,www.vicosiluminacion.com
2021-06-15T21:32:38.381Z,www.vicosiluminacion.com
2021-06-15T21:21:26.722Z,www.vicosiluminacion.com
2021-06-15T21:17:36.963Z,www.vicosiluminacion.com
2021-06-15T21:14:40.742Z,www.vicosiluminacion.com
2021-06-15T20:49:05.286Z,ilidiaserra.eu
2021-06-15T20:33:43.967Z,optimal.mn
2021-06-15T20:30:17.542Z,optimal.mn
2021-06-15T19:04:48.018Z,imogenmakassar.com
2021-06-15T19:03:43.276Z,imogenmakassar.com
2021-06-15T19:01:01.296Z,www.wikipedia.org
2021-06-15T18:59:39.292Z,imogenmakassar.com
2021-06-15T18:10:53.492Z,vmruedas.com.ar
2021-06-15T17:57:05.136Z,imogenmakassar.com
2021-06-15T17:28:29.319Z,airporttaxis24.com
2021-06-15T17:14:54.499Z,airporttaxis24.com
2021-06-15T16:47:36.257Z,airporttaxis24.com
2021-06-15T16:28:47.945Z,airporttaxis24.com
2021-06-15T03:11:37.310Z,ilanur.com
2021-06-15T02:38:47.917Z,ilanur.com
2021-06-15T01:46:34.622Z,fogorvoslat.hu
2021-06-15T00:44:49.210Z,ilanur.com
2021-06-14T22:33:13.570Z,ilanur.com
2021-06-14T19:58:29.726Z,ilanur.com
2021-06-14T18:52:49.667Z,ilanur.com
2021-06-14T17:06:43.205Z,www.wikipedia.org
2021-06-14T16:18:04.842Z,jdih.tapinkab.go.id
2021-06-14T13:03:07.603Z,numberoneoutlett.com.br
2021-06-14T08:34:33.256Z,buzzsi.com.au
2021-06-14T08:34:28.803Z,buzzsi.com.au
2021-06-14T01:38:53.289Z,www.australiabondcleaning.com.au
2021-06-14T01:37:51.521Z,www.australiabondcleaning.com.au
2021-06-14T00:53:17.394Z,www.australiabondcleaning.com.au
2021-06-13T02:36:39.089Z,www.australiabondcleaning.com.au
2021-06-12T20:50:54.705Z,www.wikipedia.org
2021-06-12T20:25:47.371Z,meganei.net
2021-06-12T20:19:56.344Z,meganei.net
2021-06-12T20:16:41.981Z,meganei.net
2021-06-12T17:10:43.093Z,meganei.net
2021-06-12T15:57:04.719Z,meganei.net
2021-06-12T13:20:42.367Z,fireanddicegames.com
2021-06-12T13:20:37.367Z,fireanddicegames.com
2021-06-12T04:45:43.297Z,meganei.net
2021-06-12T00:44:24.327Z,www.australiabondcleaning.com.au
2021-06-12T00:34:44.659Z,www.australiabondcleaning.com.au
2021-06-11T23:44:29.839Z,meganei.net
2021-06-11T23:43:50.901Z,meganei.net
2021-06-11T21:17:19.746Z,www.australiabondcleaning.com.au
2021-06-11T21:12:47.003Z,www.australiabondcleaning.com.au
2021-06-11T20:40:55.906Z,www.wikipedia.org
2021-06-11T20:19:24.913Z,fireanddicegames.com
2021-06-11T20:03:02.860Z,meganei.net
2021-06-11T20:00:48.043Z,fireanddicegames.com
2021-06-11T20:00:43.356Z,fireanddicegames.com
2021-06-11T19:34:47.551Z,fireanddicegames.com
2021-06-11T19:33:18.015Z,www.australiabondcleaning.com.au
2021-06-11T19:08:59.166Z,www.wikipedia.org
2021-06-11T18:59:33.225Z,www.australiabondcleaning.com.au
2021-06-11T18:58:01.010Z,www.australiabondcleaning.com.au
2021-06-11T18:55:16.227Z,www.australiabondcleaning.com.au
2021-06-11T18:54:16.699Z,www.australiabondcleaning.com.au
2021-06-11T18:44:50.140Z,www.australiabondcleaning.com.au
2021-06-11T18:42:51.756Z,www.australiabondcleaning.com.au
2021-06-11T18:38:45.202Z,murubi.com.br
2021-06-11T18:38:39.404Z,www.australiabondcleaning.com.au
2021-06-11T18:38:07.664Z,www.australiabondcleaning.com.au
2021-06-11T18:23:40.658Z,murubi.com.br
2021-06-11T18:22:48.627Z,murubi.com.br
2021-06-11T17:48:08.269Z,earlylingo.com
2021-06-11T17:47:43.561Z,www.australiabondcleaning.com.au
2021-06-11T17:39:09.332Z,www.australiabondcleaning.com.au
2021-06-11T17:34:14.191Z,www.australiabondcleaning.com.au
2021-06-11T17:28:20.351Z,www.wikipedia.org
2021-06-11T17:25:17.284Z,murubi.com.br
2021-06-11T17:23:20.209Z,murubi.com.br
2021-06-11T17:18:31.035Z,www.australiabondcleaning.com.au
2021-06-11T17:10:46.353Z,www.australiabondcleaning.com.au
2021-06-11T17:09:27.549Z,www.australiabondcleaning.com.au
2021-06-11T17:07:10.281Z,www.australiabondcleaning.com.au
2021-06-11T17:07:09.204Z,www.australiabondcleaning.com.au
2021-06-11T17:06:08.570Z,www.australiabondcleaning.com.au
2021-06-11T17:05:03.689Z,www.australiabondcleaning.com.au
2021-06-11T17:04:43.201Z,www.australiabondcleaning.com.au
2021-06-11T16:51:51.927Z,www.australiabondcleaning.com.au
2021-06-11T16:49:31.932Z,www.australiabondcleaning.com.au
2021-06-11T16:48:23.125Z,www.australiabondcleaning.com.au
2021-06-11T16:48:19.798Z,earlylingo.com
2021-06-11T16:45:16.382Z,www.australiabondcleaning.com.au
2021-06-11T16:42:41.353Z,www.australiabondcleaning.com.au
2021-06-11T16:41:51.586Z,www.australiabondcleaning.com.au
2021-06-11T16:32:17.736Z,www.australiabondcleaning.com.au
2021-06-11T16:28:16.171Z,www.australiabondcleaning.com.au
2021-06-11T16:20:29.275Z,murubi.com.br
2021-06-11T16:15:52.829Z,www.australiabondcleaning.com.au
2021-06-11T16:15:48.449Z,www.australiabondcleaning.com.au
2021-06-11T16:14:46.640Z,www.australiabondcleaning.com.au
2021-06-11T16:11:16.901Z,www.australiabondcleaning.com.au
2021-06-11T16:08:25.848Z,www.australiabondcleaning.com.au
2021-06-11T16:05:35.565Z,www.australiabondcleaning.com.au
2021-06-11T16:04:40.977Z,www.australiabondcleaning.com.au
2021-06-11T16:00:21.326Z,www.australiabondcleaning.com.au
2021-06-11T16:00:21.125Z,www.australiabondcleaning.com.au
2021-06-11T15:58:53.492Z,www.australiabondcleaning.com.au
2021-06-11T15:57:51.882Z,murubi.com.br
2021-06-11T15:53:16.581Z,www.australiabondcleaning.com.au
2021-06-11T15:51:22.238Z,www.australiabondcleaning.com.au
2021-06-11T15:51:19.830Z,murubi.com.br
2021-06-11T15:42:21.205Z,www.australiabondcleaning.com.au
2021-06-11T15:41:19.068Z,www.australiabondcleaning.com.au
2021-06-11T15:40:25.951Z,www.australiabondcleaning.com.au
2021-06-11T15:18:16.107Z,www.australiabondcleaning.com.au
2021-06-11T15:15:08.369Z,www.australiabondcleaning.com.au
2021-06-11T15:11:26.481Z,www.australiabondcleaning.com.au
2021-06-11T15:03:37.958Z,www.australiabondcleaning.com.au
2021-06-11T13:55:05.390Z,numberoneoutlett.com.br
2021-06-11T12:48:52.822Z,www.wikipedia.org
2021-06-11T09:00:09.377Z,numberoneoutlett.com.br
2021-06-11T08:54:03.053Z,numberoneoutlett.com.br
2021-06-11T08:38:53.156Z,www.wikipedia.org
2021-06-11T08:30:27.425Z,numberoneoutlett.com.br
2021-06-11T08:22:40.772Z,numberoneoutlett.com.br
2021-06-11T07:47:07.502Z,numberoneoutlett.com.br
2021-06-11T07:02:22.545Z,www.wikipedia.org
2021-06-11T03:56:07.818Z,meganei.net
2021-06-11T02:03:06.709Z,meganei.net
2021-06-11T02:02:41.480Z,meganei.net
2021-06-11T01:27:08.886Z,buzzsi.com.au
2021-06-11T00:21:48.573Z,meganei.net
2021-06-10T23:24:09.950Z,numberoneoutlett.com.br
2021-06-10T23:19:30.416Z,nationwe.com
2021-06-10T22:42:08.156Z,www.shwapnonews.com
2021-06-10T22:23:25.241Z,nationwe.com
2021-06-10T22:22:08.613Z,numberoneoutlett.com.br
2021-06-10T21:47:33.099Z,nationwe.com
2021-06-10T20:14:10.569Z,nationwe.com
2021-06-10T19:50:41.158Z,www.wikipedia.org
2021-06-10T19:41:14.494Z,nationwe.com
2021-06-10T19:41:08.145Z,nationwe.com
2021-06-10T19:20:59.495Z,www.shwapnonews.com
2021-06-10T18:53:27.060Z,www.australiabondcleaning.com.au
2021-06-10T18:32:33.729Z,tapembol.com.br
2021-06-10T17:07:22.132Z,numberoneoutlett.com.br
2021-06-10T15:07:18.399Z,numberoneoutlett.com.br
2021-06-10T12:26:44.326Z,www.australiabondcleaning.com.au
2021-06-10T11:54:13.016Z,www.australiabondcleaning.com.au
2021-06-10T07:47:53.149Z,greenfilter.cl
2021-06-10T05:55:48.610Z,www.australiabondcleaning.com.au
2021-06-10T05:53:41.373Z,www.wikipedia.org
2021-06-10T05:51:03.491Z,www.australiabondcleaning.com.au
2021-06-10T05:23:52.540Z,www.australiabondcleaning.com.au
2021-06-10T04:13:26.648Z,www.australiabondcleaning.com.au
2021-06-10T00:20:47.898Z,hintek.cl
2021-06-09T19:02:20.617Z,www.wikipedia.org
2021-06-09T17:02:02.643Z,themallrawalpindi.com
2021-06-09T16:49:02.435Z,themallrawalpindi.com
2021-06-09T16:16:36.070Z,themallrawalpindi.com
2021-06-09T12:52:42.583Z,buzzsi.com.au
2021-06-09T11:25:58.711Z,buzzsi.com.au
2021-06-09T06:42:00.896Z,buzzsi.com.au
2021-06-09T06:34:36.666Z,buzzsi.com.au
2021-06-09T06:32:15.488Z,buzzsi.com.au
2021-06-09T01:50:56.466Z,buzzsi.com.au
2021-06-09T01:49:54.213Z,buzzsi.com.au
2021-06-09T01:49:24.509Z,buzzsi.com.au
2021-06-09T00:52:08.239Z,buzzsi.com.au
2021-06-09T00:00:04.011Z,buzzsi.com.au
2021-06-08T23:44:01.426Z,greenfilter.cl
2021-06-08T23:03:48.162Z,buzzsi.com.au
2021-06-08T22:58:37.755Z,buzzsi.com.au
2021-06-08T22:54:31.087Z,buzzsi.com.au
2021-06-08T22:01:09.517Z,buzzsi.com.au
2021-06-08T22:01:04.427Z,buzzsi.com.au
2021-06-08T21:50:10.472Z,buzzsi.com.au
2021-06-08T21:29:35.365Z,buzzsi.com.au
2021-06-08T21:29:33.512Z,buzzsi.com.au
2021-06-08T21:29:15.183Z,buzzsi.com.au
2021-06-08T21:28:48.765Z,buzzsi.com.au
2021-06-08T21:28:11.979Z,buzzsi.com.au
2021-06-08T20:15:43.984Z,tapembol.com.br
2021-06-08T20:14:40.384Z,tapembol.com.br
2021-06-08T20:11:18.092Z,tapembol.com.br
2021-06-08T20:02:50.481Z,www.australiabondcleaning.com.au
2021-06-08T19:15:03.586Z,buzzsi.com.au
2021-06-08T18:53:30.231Z,www.australiabondcleaning.com.au
2021-06-08T18:31:58.530Z,buzzsi.com.au
2021-06-08T18:30:50.760Z,buzzsi.com.au
2021-06-08T18:19:45.871Z,buzzsi.com.au
2021-06-08T14:57:05.476Z,tapembol.com.br
2021-06-08T14:17:32.738Z,numberoneoutlett.com.br
2021-06-08T14:05:12.069Z,hintek.cl
2021-06-08T14:02:35.350Z,hintek.cl
2021-06-08T11:03:12.516Z,tapembol.com.br
2021-06-08T10:32:01.538Z,tapembol.com.br
2021-06-08T04:12:53.939Z,tapembol.com.br
2021-06-08T03:19:52.492Z,greenfilter.cl
2021-06-08T02:00:22.784Z,www.wikipedia.org
2021-06-08T01:56:41.179Z,tapembol.com.br
2021-06-08T01:56:11.189Z,tapembol.com.br
2021-06-08T01:40:22.462Z,tapembol.com.br
2021-06-08T01:40:17.460Z,tapembol.com.br
2021-06-08T01:15:29.718Z,www.wikipedia.org
2021-06-08T01:12:36.898Z,tapembol.com.br
2021-06-07T22:41:50.107Z,tapembol.com.br
2021-06-07T22:40:47.679Z,tapembol.com.br
2021-06-07T22:06:01.318Z,tapembol.com.br
2021-06-07T21:38:57.068Z,tapembol.com.br
2021-06-07T20:44:09.259Z,tapembol.com.br
2021-06-07T20:43:44.606Z,tapembol.com.br
2021-06-07T20:23:47.870Z,tapembol.com.br
2021-06-07T19:30:10.565Z,tapembol.com.br
2021-06-07T19:28:06.425Z,tapembol.com.br
2021-06-07T19:24:22.365Z,tapembol.com.br
2021-06-07T18:53:38.822Z,tapembol.com.br
2021-06-07T17:01:12.711Z,tapembol.com.br
2021-06-07T15:49:06.685Z,www.wikipedia.org
2021-06-07T15:33:42.111Z,tapembol.com.br
2021-06-07T13:51:54.043Z,hintek.cl
2021-06-07T13:45:19.805Z,tapembol.com.br
2021-06-07T13:10:06.357Z,healthdeal.com.au
2021-06-07T12:59:00.850Z,www.wikipedia.org
2021-06-07T12:49:30.139Z,tapembol.com.br
2021-06-07T12:49:29.894Z,tapembol.com.br
2021-06-07T11:52:04.739Z,tapembol.com.br
2021-06-07T08:14:55.397Z,www.wikipedia.org
2021-06-05T12:17:48.047Z,hintek.cl
2021-06-04T18:12:58.018Z,greenfilter.cl
2021-06-04T18:12:24.179Z,greenfilter.cl
2021-06-04T16:42:05.736Z,greenfilter.cl
2021-06-04T15:57:23.749Z,hintek.cl
2021-06-02T19:28:51.336Z,www.miyazu.com.my
2021-06-01T17:35:32.451Z,kish.mak.ac.ug
2021-06-01T17:31:40.794Z,kish.mak.ac.ug
2021-06-01T16:49:12.700Z,kish.mak.ac.ug
2021-06-01T16:44:49.310Z,kish.mak.ac.ug
2021-06-01T15:45:51.240Z,www.wikipedia.org
2021-06-01T15:40:43.681Z,kish.mak.ac.ug
2021-06-01T14:19:12.915Z,infinitymultimarca.com.br
2021-06-01T06:53:51.773Z,www.wikipedia.org
2021-06-01T06:28:32.673Z,kish.mak.ac.ug
2021-06-01T04:49:31.477Z,kish.mak.ac.ug
2021-05-31T17:24:13.805Z,www.wikipedia.org
2021-05-31T13:11:28.910Z,fogorvoslat.hu
2021-05-31T13:11:23.906Z,fogorvoslat.hu
2021-05-31T12:51:55.939Z,hintek.cl
2021-05-31T07:33:22.513Z,fogorvoslat.hu
2021-05-31T01:28:35.403Z,drpezeshkian.ir
2021-05-30T15:01:06.947Z,samkalpiascoaching.com
2021-05-30T15:00:01.685Z,samkalpiascoaching.com
2021-05-28T13:17:49.003Z,finegroup.com.kh
2021-05-28T13:17:43.996Z,finegroup.com.kh
2021-05-28T13:14:14.764Z,jac-ariandiesel.com
2021-05-28T06:24:21.201Z,diabforum.hu
2021-05-28T03:15:29.688Z,drpezeshkian.ir
2021-05-28T01:04:32.388Z,drpezeshkian.ir
2021-05-28T00:50:44.753Z,drpezeshkian.ir
2021-05-27T23:41:48.671Z,mortalhas.com
2021-05-27T21:47:08.863Z,mortalhas.com
2021-05-27T21:29:47.604Z,mortalhas.com
2021-05-27T16:55:04.933Z,accounts-domainservicelogs.com
2021-05-27T15:58:52.026Z,diabforum.hu
2021-05-27T10:27:15.093Z,fogorvoslat.hu
2021-05-27T10:26:14.115Z,fogorvoslat.hu
2021-05-27T10:08:35.456Z,fogorvoslat.hu
2021-05-27T08:01:40.797Z,mh-recruitment.co.uk
2021-05-27T08:01:03.879Z,mh-recruitment.co.uk
2021-05-27T07:35:22.012Z,samkalpiascoaching.com
2021-05-27T03:07:01.726Z,samkalpiascoaching.com
2021-05-27T02:55:06.736Z,mh-recruitment.co.uk
2021-05-27T01:33:32.253Z,www.wikipedia.org
2021-05-27T01:26:27.960Z,hintek.cl
2021-05-27T01:26:22.976Z,hintek.cl
2021-05-27T00:46:04.551Z,samkalpiascoaching.com
2021-05-27T00:12:51.629Z,bazartoday.shop
2021-05-26T23:31:58.108Z,samkalpiascoaching.com
2021-05-26T22:34:26.039Z,fogorvoslat.hu
2021-05-26T21:51:05.989Z,fogorvoslat.hu
2021-05-26T18:24:26.949Z,fogorvoslat.hu
2021-05-26T18:03:25.238Z,fogorvoslat.hu
2021-05-26T16:42:14.132Z,aux4temps.com
2021-05-26T16:34:08.921Z,samkalpiascoaching.com
2021-05-26T15:42:59.108Z,www.wikipedia.org
2021-05-26T15:34:28.633Z,samkalpiascoaching.com
2021-05-26T15:27:19.032Z,hintek.cl
2021-05-26T15:10:57.381Z,hintek.cl
2021-05-26T14:21:48.342Z,samkalpiascoaching.com
2021-05-26T13:48:18.441Z,onlinemoneytreasure.com
2021-05-26T12:08:45.213Z,samkalpiascoaching.com
2021-05-26T11:44:08.098Z,samkalpiascoaching.com
2021-05-26T11:03:22.365Z,samkalpiascoaching.com
2021-05-26T10:56:09.092Z,samkalpiascoaching.com
2021-05-26T10:44:47.515Z,samkalpiascoaching.com
2021-05-26T09:19:42.923Z,samkalpiascoaching.com
2021-05-26T09:16:57.743Z,www.wikipedia.org
2021-05-26T09:14:03.243Z,samkalpiascoaching.com
2021-05-26T09:10:59.993Z,samkalpiascoaching.com
2021-05-26T08:11:22.457Z,samkalpiascoaching.com
2021-05-26T06:34:43.308Z,hintek.cl
2021-05-26T04:27:38.039Z,samkalpiascoaching.com
2021-05-26T03:17:38.666Z,samkalpiascoaching.com
2021-05-26T02:41:29.775Z,hintek.cl
2021-05-26T01:30:34.513Z,hintek.cl
2021-05-26T01:30:29.510Z,hintek.cl
2021-05-25T23:04:27.495Z,www.wikipedia.org
2021-05-25T20:49:51.900Z,hintek.cl
2021-05-25T20:49:43.332Z,hintek.cl
2021-05-25T20:19:24.265Z,hintek.cl
2021-05-25T20:14:41.967Z,hintek.cl
2021-05-25T20:07:33.776Z,ramoscriminallawyer.com
2021-05-25T19:54:51.996Z,alphapanda.com
2021-05-25T19:35:15.069Z,hintek.cl
2021-05-25T19:33:57.897Z,hintek.cl
2021-05-25T19:33:08.138Z,hintek.cl
2021-05-25T19:29:12.571Z,hintek.cl
2021-05-25T19:27:35.095Z,hintek.cl
2021-05-25T19:18:20.981Z,www.miyazu.com.my
2021-05-25T19:13:57.142Z,samkalpiascoaching.com
2021-05-25T19:09:11.253Z,hintek.cl
2021-05-25T18:25:47.807Z,hintek.cl
2021-05-25T17:12:58.505Z,hintek.cl
2021-05-25T16:55:14.643Z,samkalpiascoaching.com
2021-05-25T16:40:04.792Z,samkalpiascoaching.com
2021-05-25T16:28:04.504Z,hintek.cl
2021-05-25T16:08:27.569Z,www.miyazu.com.my
2021-05-25T15:57:50.466Z,finegroup.com.kh
2021-05-25T15:53:19.177Z,samkalpiascoaching.com
2021-05-25T15:47:18.411Z,hintek.cl
2021-05-25T15:08:02.395Z,finegroup.com.kh
2021-05-25T15:03:57.385Z,finegroup.com.kh
2021-05-25T14:50:21.948Z,nehneerh.org
2021-05-25T14:41:18.852Z,www.wikipedia.org
2021-05-25T14:39:49.962Z,bazartoday.shop
2021-05-25T14:39:49.959Z,bazartoday.shop
2021-05-25T14:39:49.943Z,bazartoday.shop
2021-05-25T14:39:49.168Z,bazartoday.shop
2021-05-25T14:39:48.877Z,bazartoday.shop
2021-05-25T14:39:48.875Z,bazartoday.shop
2021-05-25T14:39:48.659Z,bazartoday.shop
2021-05-25T14:39:27.875Z,bazartoday.shop
2021-05-25T13:33:57.048Z,imt.edu.iq
2021-05-25T13:33:39.930Z,imt.edu.iq
2021-05-25T13:17:21.535Z,zaarmall.com
2021-05-25T13:03:52.413Z,imt.edu.iq
2021-05-25T12:14:00.041Z,www.miyazu.com.my
2021-05-25T11:41:19.187Z,www.miyazu.com.my
2021-05-25T10:13:31.642Z,netka.by
2021-05-25T09:34:41.112Z,netka.by
2021-05-25T09:17:36.302Z,netka.by
2021-05-25T05:21:20.014Z,worldtaekwondonorth.ir
2021-05-25T04:10:21.915Z,worldtaekwondonorth.ir
2021-05-25T03:42:17.514Z,bazartoday.shop
2021-05-25T02:28:12.972Z,dasayakkabi.com
2021-05-25T00:50:40.308Z,bazartoday.shop
2021-05-25T00:48:53.198Z,bazartoday.shop
2021-05-24T21:05:21.516Z,bazartoday.shop
2021-05-24T19:26:54.440Z,bazartoday.shop
2021-05-24T18:56:14.615Z,bazartoday.shop
2021-05-24T18:36:11.858Z,bazartoday.shop
2021-05-24T17:49:53.608Z,filtrotv.com
2021-05-24T17:08:59.948Z,elfalla.com
2021-05-24T15:55:49.467Z,merryrianashop.com
2021-05-24T15:52:43.610Z,merryrianashop.com
2021-05-24T14:30:27.492Z,uba.com.al
2021-05-24T14:19:45.366Z,uba.com.al
2021-05-24T13:30:35.291Z,uba.com.al
2021-05-22T11:03:03.705Z,savethesinkhole.org
2021-05-21T14:59:21.553Z,sorenamobile.com
2021-05-21T11:34:03.624Z,sorenamobile.com
2021-05-21T07:27:20.018Z,sorenamobile.com
2021-05-21T06:36:33.415Z,savethesinkhole.org
2021-05-21T02:14:54.911Z,californiadata.xyz
2021-05-20T22:30:19.508Z,californiadata.xyz
2021-05-20T19:46:11.547Z,californiadata.xyz
2021-05-20T18:50:14.379Z,californiadata.xyz
2021-05-20T18:50:07.889Z,californiadata.xyz
2021-05-20T17:54:24.203Z,californiadata.xyz
2021-05-20T17:28:05.277Z,californiadata.xyz
2021-05-20T16:38:19.276Z,sillystop.com
2021-05-20T16:25:08.544Z,sillystop.com
2021-05-20T14:04:59.564Z,www.wikipedia.org
2021-05-20T14:01:41.332Z,sorenamobile.com
2021-05-20T13:28:02.978Z,sorenamobile.com
2021-05-20T13:22:22.119Z,academycea.com.eg
2021-05-20T13:16:18.766Z,sorenamobile.com
2021-05-20T13:15:12.328Z,sorenamobile.com
2021-05-20T11:16:09.721Z,sorenamobile.com
2021-05-20T11:03:07.212Z,sorenamobile.com
2021-05-20T10:10:35.734Z,sorenamobile.com
2021-05-20T08:56:00.656Z,sorenamobile.com
2021-05-20T03:56:30.377Z,sorenamobile.com
2021-05-20T03:08:18.281Z,sorenamobile.com
2021-05-20T01:58:42.756Z,sorenamobile.com
2021-05-19T23:47:54.654Z,sorenamobile.com
2021-05-19T23:46:28.616Z,sorenamobile.com
2021-05-19T23:17:18.224Z,sorenamobile.com
2021-05-18T18:46:38.119Z,wi1l3n56.xyz
2021-05-18T15:37:59.042Z,80sdiet.com
2021-05-18T13:40:21.804Z,mscaonline.org
2021-05-18T13:23:06.312Z,www.wikipedia.org
2021-05-18T13:17:43.373Z,mscaonline.org
2021-05-18T13:14:57.310Z,mscaonline.org
2021-05-18T13:02:08.515Z,mscaonline.org
2021-05-18T12:53:15.506Z,mscaonline.org
2021-05-18T12:35:22.551Z,mscaonline.org
2021-05-18T12:32:30.914Z,mscaonline.org
2021-05-18T12:29:52.166Z,mscaonline.org
2021-05-18T12:22:11.596Z,mscaonline.org
2021-05-18T12:17:42.883Z,mscaonline.org
2021-05-18T11:23:51.822Z,mscaonline.org
2021-05-18T09:15:29.418Z,mscaonline.org
2021-05-18T07:30:03.292Z,mscaonline.org
2021-05-18T03:24:28.875Z,mscaonline.org
2021-05-18T01:58:45.532Z,mscaonline.org
2021-05-18T00:52:21.473Z,mscaonline.org
2021-05-17T22:01:18.584Z,un-titled.co
2021-05-17T21:23:34.832Z,80sdiet.com
2021-05-17T21:21:24.849Z,mscaonline.org
2021-05-17T21:16:10.038Z,80sdiet.com
2021-05-17T21:00:26.007Z,mscaonline.org
2021-05-17T20:59:19.821Z,mscaonline.org
2021-05-17T20:38:28.937Z,80sdiet.com
2021-05-17T20:37:55.966Z,www.wikipedia.org
2021-05-17T20:37:16.260Z,www.wikipedia.org
2021-05-17T20:33:30.242Z,80sdiet.com
2021-05-17T20:33:19.906Z,dilenetortas.com.br
2021-05-17T20:01:45.631Z,80sdiet.com
2021-05-17T19:59:56.878Z,dilenetortas.com.br
2021-05-17T19:56:42.955Z,dilenetortas.com.br
2021-05-17T19:54:28.583Z,80sdiet.com
2021-05-17T15:38:52.522Z,ahmedsyam.com
2021-05-17T15:17:18.133Z,ahmedsyam.com
2021-05-17T15:08:49.601Z,ahmedsyam.com
2021-05-17T15:00:30.007Z,ahmedsyam.com
2021-05-17T14:51:33.118Z,ahmedsyam.com
2021-05-17T14:22:48.552Z,ahmedsyam.com
2021-05-17T13:50:55.313Z,ahmedsyam.com
2021-05-17T12:36:04.573Z,enterpriserhdi.com
2021-05-17T10:53:14.003Z,enterpriserhdi.com
2021-05-17T08:26:06.041Z,enterpriserhdi.com
2021-05-17T01:34:36.045Z,enterpriserhdi.com
2021-05-14T14:38:49.666Z,enterpriserhdi.com
2021-05-14T11:17:54.996Z,upkibaat.com
2021-05-14T09:14:29.811Z,upkibaat.com
2021-05-14T08:57:05.690Z,upkibaat.com
2021-05-14T08:51:14.713Z,upkibaat.com
2021-05-14T08:37:51.116Z,upkibaat.com
2021-05-14T08:28:54.041Z,upkibaat.com
2021-05-14T08:14:14.984Z,upkibaat.com
2021-05-14T07:57:29.994Z,upkibaat.com
2021-05-14T07:55:13.395Z,upkibaat.com
2021-05-14T07:53:10.265Z,upkibaat.com
2021-05-14T07:50:58.134Z,upkibaat.com
2021-05-14T07:28:56.662Z,www.wikipedia.org
2021-05-14T07:26:10.571Z,upkibaat.com
2021-05-14T07:15:48.421Z,upkibaat.com
2021-05-13T17:50:18.320Z,upkibaat.com
2021-05-11T20:34:13.599Z,ltmm.co.uk
2021-05-11T19:59:14.976Z,www.wikipedia.org
2021-05-11T19:30:34.036Z,posshop.com.jo
2021-05-11T19:26:11.470Z,posshop.com.jo
2021-05-11T19:06:35.663Z,posshop.com.jo
2021-05-10T18:05:42.222Z,pressa-kiosk.de
2021-05-06T09:26:00.439Z,c00rectst1zaz.xyz
2021-05-06T09:24:32.211Z,c00rectst1zaz.xyz
2021-05-05T02:02:38.198Z,kidsflextrio.com
2021-05-05T01:53:24.006Z,kidsflextrio.com
2021-05-05T01:53:19.003Z,kidsflextrio.com
2021-05-04T19:42:24.121Z,kidsflextrio.com
2021-05-04T16:51:08.453Z,rccgdc.org
2021-05-04T16:23:50.450Z,rccgdc.org
2021-05-04T10:08:29.190Z,otaengine.com
2021-05-04T09:47:11.868Z,otaengine.com
2021-05-04T09:44:58.757Z,otaengine.com
2021-05-04T00:44:37.926Z,daresni.net
2021-05-03T23:09:46.208Z,puravidashow.com
2021-05-03T21:01:05.506Z,daresni.net
2021-05-03T20:20:36.255Z,daresni.net
2021-05-03T20:15:09.202Z,daresni.net
2021-05-03T17:52:05.914Z,jurnalastari.com
2021-05-03T17:50:18.616Z,wineapp.cl
2021-05-03T16:08:07.605Z,otaengine.com
2021-05-03T07:38:58.699Z,jurnalastari.com
2021-05-03T05:40:47.931Z,otaengine.com
2021-05-03T02:21:58.731Z,otaengine.com
2021-05-03T02:20:31.802Z,otaengine.com
2021-05-01T12:22:59.613Z,jurnalastari.com
2021-05-01T02:44:02.449Z,jurnalastari.com
2021-04-30T19:49:26.124Z,betancalibration.com
2021-04-30T19:10:24.585Z,betancalibration.com
2021-04-30T15:52:30.953Z,daresni.net
2021-04-30T15:51:19.838Z,daresni.net
2021-04-29T20:09:19.609Z,jurnalastari.com
2021-04-29T19:42:28.552Z,dklottery.net
2021-04-29T18:11:17.873Z,integradoradeservicios.com.mx
2021-04-29T15:54:46.032Z,hanhang.biz
2021-04-29T15:39:54.975Z,hanhang.biz
2021-04-29T15:39:16.771Z,hanhang.biz
2021-04-29T15:33:44.669Z,hanhang.biz
2021-04-29T15:29:28.953Z,hanhang.biz
2021-04-29T15:24:08.381Z,hanhang.biz
2021-04-29T15:03:59.967Z,hanhang.biz
2021-04-29T14:56:47.517Z,ilogopoint.com
2021-04-29T11:21:31.493Z,jurnalastari.com
2021-04-29T11:06:13.398Z,jurnalastari.com
2021-04-29T10:40:39.439Z,jurnalastari.com
2021-04-29T09:39:30.505Z,jurnalastari.com
2021-04-29T09:36:37.437Z,jurnalastari.com
2021-04-29T09:23:43.882Z,jurnalastari.com
2021-04-29T09:11:08.129Z,jurnalastari.com
2021-04-29T09:08:16.282Z,jurnalastari.com
2021-04-29T08:23:34.258Z,jurnalastari.com
2021-04-29T07:47:24.189Z,jurnalastari.com
2021-04-29T06:42:50.898Z,jurnalastari.com
2021-04-29T06:42:24.966Z,jurnalastari.com
2021-04-29T05:55:33.381Z,jurnalastari.com
2021-04-29T05:03:35.894Z,jurnalastari.com
2021-04-29T01:30:55.908Z,ilogopoint.com
2021-04-28T23:16:53.198Z,ilogopoint.com
2021-04-28T17:22:05.323Z,ilogopoint.com
2021-04-28T16:53:02.869Z,integradoradeservicios.com.mx
2021-04-28T15:11:19.782Z,jurnalastari.com
2021-04-28T14:45:43.694Z,jurnalastari.com
2021-04-28T14:30:01.880Z,jurnalastari.com
2021-04-28T14:25:44.774Z,jurnalastari.com
2021-04-28T14:23:12.303Z,checlrytlc.com
2021-04-28T14:03:30.069Z,jurnalastari.com
2021-04-28T13:32:47.499Z,jurnalastari.com
2021-04-28T13:20:39.916Z,jurnalastari.com
2021-04-28T13:16:11.497Z,jurnalastari.com
2021-04-28T13:15:45.935Z,jurnalastari.com
2021-04-28T13:00:34.058Z,jurnalastari.com
2021-04-28T12:59:25.852Z,jurnalastari.com
2021-04-28T12:20:14.395Z,www.wikipedia.org
2021-04-28T12:04:20.612Z,palingpintar.com
2021-04-28T11:33:01.520Z,ilogopoint.com
2021-04-28T11:31:48.511Z,ilogopoint.com
2021-04-28T10:44:47.030Z,checlrytlc.com
2021-04-28T10:08:41.178Z,ilogopoint.com
2021-04-28T08:10:13.675Z,jurnalastari.com
2021-04-28T07:48:38.067Z,jurnalastari.com
2021-04-28T04:13:55.117Z,jurnalastari.com
2021-04-28T03:25:35.665Z,jurnalastari.com
2021-04-28T03:25:00.874Z,ilogopoint.com
2021-04-28T03:20:49.508Z,jurnalastari.com
2021-04-28T03:12:53.475Z,checlrytlc.com
2021-04-28T02:17:55.594Z,ilogopoint.com
2021-04-28T01:26:57.834Z,villaspaseodelsol.com
2021-04-28T01:26:43.923Z,villaspaseodelsol.com
2021-04-28T00:17:09.389Z,www.wikipedia.org
2021-04-27T22:37:38.354Z,ilogopoint.com
2021-04-27T22:11:25.892Z,ilogopoint.com
2021-04-27T22:00:08.589Z,integradoradeservicios.com.mx
2021-04-27T21:26:29.546Z,ilogopoint.com
2021-04-27T21:01:07.090Z,ilogopoint.com
2021-04-27T21:00:13.243Z,ilogopoint.com
2021-04-27T19:25:39.023Z,integradoradeservicios.com.mx
2021-04-27T19:18:19.468Z,integradoradeservicios.com.mx
2021-04-27T19:13:28.434Z,villaspaseodelsol.com
2021-04-27T18:42:59.129Z,jurnalastari.com
2021-04-27T17:26:40.226Z,jurnalastari.com
2021-04-27T16:02:07.448Z,ilogopoint.com
2021-04-27T15:27:44.369Z,www.wikipedia.org
2021-04-27T12:07:07.296Z,palingpintar.com
2021-04-27T11:00:15.025Z,palingpintar.com
2021-04-26T18:46:33.802Z,pillsburylaw.xyz
2021-04-26T18:42:43.396Z,ilogopoint.com
2021-04-26T15:15:23.916Z,abroadeducounsel.com
2021-04-26T14:51:33.841Z,abroadeducounsel.com
2021-04-26T14:39:37.366Z,abroadeducounsel.com
2021-04-26T13:09:46.925Z,ilogopoint.com
2021-04-26T03:56:51.196Z,pressa-kiosk.de
2021-04-22T20:20:23.073Z,ume.edu.kh
2021-04-17T18:52:54.877Z,activestore.online
2021-04-15T20:50:57.268Z,activestore.online
2021-04-15T13:59:41.742Z,activestore.online
2021-04-14T18:21:25.896Z,www.tokocamzone.com
2021-04-14T15:17:03.443Z,dotmac.ng
2021-04-14T13:21:29.347Z,dotmac.ng
2021-04-13T19:23:35.834Z,www.tokocamzone.com
2021-04-13T18:14:52.606Z,decouvertemonde.com
2021-04-13T16:20:00.913Z,www.tokocamzone.com
2021-04-13T14:03:12.517Z,www.tokocamzone.com
2021-04-13T13:22:10.636Z,www.tokocamzone.com
2021-04-13T12:56:25.487Z,www.tokocamzone.com
2021-04-13T10:09:19.508Z,www.tokocamzone.com
2021-04-13T03:37:03.150Z,www.tokocamzone.com
2021-04-13T02:50:14.873Z,www.tokocamzone.com
2021-04-12T19:54:33.997Z,www.tokocamzone.com
2021-04-12T19:49:50.256Z,www.tokocamzone.com
2021-04-12T19:00:05.154Z,www.tokocamzone.com
2021-04-12T18:46:03.691Z,www.tokocamzone.com
2021-04-12T17:59:54.289Z,www.tokocamzone.com
2021-04-12T17:34:24.736Z,www.tokocamzone.com
2021-04-12T17:18:26.584Z,www.tokocamzone.com
2021-04-12T16:48:02.324Z,www.tokocamzone.com
2021-04-12T16:35:22.407Z,www.tokocamzone.com
2021-04-12T16:33:50.111Z,www.tokocamzone.com
2021-04-12T16:15:19.209Z,www.tokocamzone.com
2021-04-12T16:15:09.653Z,www.wikipedia.org
2021-04-12T16:13:52.520Z,www.tokocamzone.com
2021-04-12T15:57:49.239Z,www.tokocamzone.com
2021-04-10T04:48:19.534Z,www.wikipedia.org
2021-04-09T19:11:19.359Z,servicesolahartjakarta.co.id
2021-04-09T17:53:02.003Z,servicesolahartjakarta.co.id
2021-04-09T17:30:06.850Z,servicesolahartjakarta.co.id
2021-04-09T16:07:10.802Z,testintu.us
2021-04-09T16:02:31.569Z,testintu.us
2021-04-09T15:45:09.770Z,www.wikipedia.org
2021-04-09T15:07:45.254Z,testintu.us
2021-04-09T15:04:49.548Z,testintu.us
2021-04-09T12:50:29.856Z,www.wikipedia.org
2021-04-09T11:26:51.971Z,www.wikipedia.org
2021-04-09T11:26:28.326Z,creativerp.org
2021-04-09T11:01:34.848Z,creativerp.org
2021-04-09T10:55:23.545Z,creativerp.org
2021-04-09T10:18:40.748Z,creativerp.org
2021-04-09T10:04:47.702Z,creativerp.org
2021-04-09T09:31:01.289Z,creativerp.org
2021-04-09T08:59:07.765Z,creativerp.org
2021-04-09T08:56:07.264Z,creativerp.org
2021-04-09T08:53:42.919Z,creativerp.org
2021-04-09T08:44:20.307Z,creativerp.org
2021-04-09T06:47:54.976Z,doctortune.ir
2021-04-09T06:38:29.190Z,doctortune.ir
2021-04-09T06:24:19.796Z,doctortune.ir
2021-04-08T15:13:41.287Z,ahpweb.org
2021-04-08T15:01:51.915Z,ahpweb.org
2021-04-08T14:17:48.811Z,ahpweb.org
2021-04-08T14:01:32.174Z,ahpweb.org
2021-04-08T14:01:07.091Z,ahpweb.org
2021-04-08T13:43:05.324Z,ahpweb.org
2021-04-08T13:39:21.011Z,ahpweb.org
2021-04-08T13:26:57.968Z,ahpweb.org
2021-04-08T13:18:53.270Z,ahpweb.org
2021-04-08T13:02:36.786Z,ahpweb.org
2021-04-08T12:10:52.149Z,ahpweb.org
2021-04-08T10:41:05.453Z,ahpweb.org
2021-04-08T02:59:19.181Z,ahpweb.org
2021-04-08T02:56:48.683Z,ahpweb.org
2021-04-08T02:55:24.857Z,ahpweb.org
2021-04-08T02:02:39.730Z,ahpweb.org
2021-04-05T13:42:34.670Z,savegame.me
2021-04-05T13:05:21.615Z,savegame.me
2021-04-02T14:10:56.519Z,almujeza.qa
2021-04-01T08:35:51.826Z,alajmicompany.com
2021-04-01T07:33:46.948Z,alajmicompany.com
2021-04-01T07:00:59.338Z,pr0tectw0n.xyz
2021-03-30T06:26:28.382Z,protectcusto65.xyz
2021-03-29T14:28:02.232Z,glasslogsecur.xyz
2021-03-29T14:28:02.228Z,glasslogsecur.xyz
2021-03-29T11:37:06.046Z,centrel0gmc5.xyz
2021-03-25T08:00:00.550Z,ouug.org
2021-03-24T22:36:36.073Z,www.wikipedia.org
2021-03-24T17:43:18.322Z,changemytyre.com
2021-03-24T17:17:15.454Z,ouug.org
2021-03-24T17:12:04.185Z,changemytyre.com
2021-03-24T16:44:16.739Z,ouug.org
2021-03-24T16:11:12.432Z,www.wikipedia.org
2021-03-24T15:39:11.759Z,esimix.com
2021-03-24T15:33:58.442Z,esimix.com
2021-03-24T15:21:29.146Z,esimix.com
2021-03-24T14:24:31.354Z,www.wikipedia.org
2021-03-24T14:22:01.520Z,www.dharmacon.net
2021-03-24T14:09:08.449Z,www.dharmacon.net
2021-03-24T14:01:38.203Z,www.dharmacon.net
2021-03-24T13:11:02.637Z,www.dharmacon.net
2021-03-24T12:39:16.798Z,www.dharmacon.net
2021-03-24T11:53:13.136Z,www.dharmacon.net
2021-03-24T11:24:04.984Z,www.dharmacon.net
2021-03-24T11:15:37.630Z,www.dharmacon.net
2021-03-24T02:12:05.428Z,ouug.org
2021-03-23T19:45:51.402Z,utuc.info
2021-03-23T17:18:24.198Z,dr-ahmedadel.com
2021-03-23T15:08:55.971Z,dr-ahmedadel.com
2021-03-23T07:50:37.397Z,dr-ahmedadel.com
2021-03-23T06:55:46.946Z,dr-ahmedadel.com
2021-03-23T03:18:17.666Z,dr-ahmedadel.com
2021-03-23T03:01:09.210Z,dr-ahmedadel.com
2021-03-23T02:25:26.274Z,dr-ahmedadel.com
2021-03-23T02:25:01.660Z,dr-ahmedadel.com
2021-03-22T23:51:30.457Z,dr-ahmedadel.com
2021-03-22T18:12:56.887Z,04880.net
2021-03-19T15:39:20.346Z,pear.host
2021-03-19T14:04:01.241Z,www.wikipedia.org
2021-03-19T13:59:30.102Z,www.wikipedia.org
2021-03-18T10:21:30.459Z,thepandemicsociety.com
2021-03-18T06:07:15.954Z,brighthubpro.com
2021-03-17T14:32:37.625Z,thepandemicsociety.com
2021-03-17T04:16:22.584Z,thepandemicsociety.com
2021-03-17T04:05:47.032Z,thepandemicsociety.com
2021-03-16T18:28:46.048Z,thepandemicsociety.com
2021-03-16T18:21:42.588Z,thepandemicsociety.com
2021-03-16T18:01:39.716Z,thepandemicsociety.com
2021-03-15T18:32:44.667Z,morebeauty.ge
2021-03-15T18:03:50.242Z,morebeauty.ge
2021-03-15T18:00:21.219Z,morebeauty.ge
2021-03-15T17:56:54.806Z,morebeauty.ge
2021-03-15T16:45:40.937Z,morebeauty.ge
2021-03-15T16:40:25.389Z,morebeauty.ge
2021-03-15T16:00:29.114Z,morebeauty.ge
2021-03-15T15:57:52.060Z,morebeauty.ge
2021-03-15T13:59:35.100Z,morebeauty.ge
2021-03-15T13:10:36.971Z,www.wikipedia.org
2021-03-15T11:38:23.421Z,morebeauty.ge
2021-03-15T10:22:29.790Z,morebeauty.ge
2021-03-15T10:17:53.921Z,morebeauty.ge
2021-03-15T10:07:31.996Z,www.wikipedia.org
2021-03-15T09:52:54.609Z,morebeauty.ge
2021-03-15T08:00:01.934Z,morebeauty.ge
2021-03-15T05:16:45.045Z,morebeauty.ge
2021-03-15T04:30:05.883Z,morebeauty.ge
2021-03-15T04:11:30.808Z,morebeauty.ge
2021-03-12T12:26:56.977Z,morebeauty.ge
2021-03-12T12:18:07.627Z,morebeauty.ge
2021-03-12T12:17:17.245Z,morebeauty.ge
2021-03-12T11:57:15.290Z,morebeauty.ge
2021-03-12T11:26:47.996Z,morebeauty.ge
2021-03-12T08:42:40.261Z,morebeauty.ge
2021-03-12T03:37:50.364Z,www.rf3world.com
2021-03-11T00:12:10.558Z,fibro.pro
2021-03-08T20:37:39.027Z,www.adventure2travellers.com
2021-03-08T19:24:06.903Z,strybelabs.com
2021-03-08T19:21:01.937Z,strybelabs.com
2021-03-08T18:28:35.737Z,swifteditor.com.au
2021-03-08T18:06:25.437Z,strybelabs.com
2021-03-08T18:01:23.980Z,strybelabs.com
2021-03-08T16:42:18.280Z,swifteditor.com.au
2021-03-08T16:17:23.634Z,swifteditor.com.au
2021-03-08T16:12:48.209Z,swifteditor.com.au
2021-03-05T14:55:14.521Z,adventure2travellers.com
2021-03-04T04:21:27.447Z,gunnebo.com.au
2021-03-04T04:19:42.668Z,gunnebo.com.au
2021-03-03T22:21:41.606Z,gunnebo.com.au
2021-03-03T21:38:22.282Z,gunnebo.com.au
2021-03-03T19:42:55.896Z,gunnebo.com.au
2021-03-01T20:40:52.761Z,consultusdigital.com
2021-03-01T17:38:50.654Z,pietrastones.com
2021-02-25T04:24:58.369Z,lensabangkabelitung.com
2021-02-23T20:22:34.727Z,movimientosespectaculares.com
2021-02-23T14:29:17.691Z,lensabangkabelitung.com
2021-02-18T21:01:35.373Z,jumboqatar.com
2021-02-18T21:01:35.336Z,jumboqatar.com
2021-02-18T21:01:34.701Z,jumboqatar.com
2021-02-18T21:01:34.026Z,jumboqatar.com
2021-02-18T21:01:32.691Z,jumboqatar.com
2021-02-18T21:01:31.830Z,jumboqatar.com
2021-02-18T21:01:29.924Z,jumboqatar.com
2021-02-18T21:01:29.112Z,jumboqatar.com
2021-02-18T21:01:28.186Z,jumboqatar.com
2021-02-18T21:01:27.331Z,jumboqatar.com
2021-02-18T21:01:27.151Z,jumboqatar.com
2021-01-28T16:38:10.445Z,serexcepcional.com
2021-01-26T11:54:56.023Z,hpslng.com
2021-01-13T14:16:39.116Z,styrkamedia.se
2021-01-12T15:33:35.839Z,www.wikipedia.org
2021-01-12T15:32:22.955Z,hawaiiqatar.com
2021-01-12T09:10:13.881Z,styrkamedia.se
2021-01-07T15:57:11.834Z,www.wikipedia.org
2021-01-07T15:56:55.202Z,bestessaysolutions.com
2021-01-07T12:34:48.643Z,bestessaysolutions.com
2020-12-09T19:46:41.783Z,bestessaysolutions.com
2020-12-09T08:11:47.203Z,wilsonsaws.com
2020-12-08T20:10:48.963Z,wilsonsaws.com
2020-12-08T17:55:10.578Z,wilsonsaws.com
2020-12-08T15:56:08.120Z,wilsonsaws.com
2020-12-07T12:33:19.838Z,carecoimbatore.com
2020-12-06T16:07:01.648Z,gettotalminded.com
2020-12-06T16:03:51.676Z,bestessaysolutions.com
2020-12-06T15:09:25.438Z,nbmpack.com
2020-12-06T15:09:11.520Z,nbmpack.com
2020-12-04T21:12:15.603Z,triciaoneillphoto.com
2020-12-04T14:19:59.216Z,gettotalminded.com
2020-12-04T14:04:25.572Z,gettotalminded.com
2020-12-04T08:18:37.715Z,isabelletay.com
2020-12-04T02:22:23.298Z,isabelletay.com
2020-12-04T01:31:22.794Z,isabelletay.com
2020-12-04T01:31:17.795Z,isabelletay.com
2020-12-04T01:30:37.773Z,isabelletay.com
2020-12-03T20:55:35.531Z,isabelletay.com
2020-12-03T19:39:55.638Z,bestmasterfurniturescom.tk
2020-12-02T08:47:37.741Z,nbmpack.com
2020-12-02T07:34:02.712Z,vmcconsultantsinc.com
2020-12-02T07:33:57.711Z,emileighlatham.com
2020-12-02T03:32:17.405Z,nationaldayofprayer-md.org
2020-12-02T03:18:11.595Z,nationaldayofprayer-md.org
2020-12-02T01:20:17.409Z,emileighlatham.com
2020-12-02T01:18:27.389Z,nationaldayofprayer-md.org
2020-12-02T01:18:17.365Z,vmcconsultantsinc.com
2020-11-30T21:35:25.655Z,dorothybrightbunnycommunications.tk
2020-11-25T17:21:07.654Z,winchendon.ga
2020-11-25T15:50:03.735Z,winchendon.ga
2020-11-25T08:46:18.511Z,pondicherrytours-travels.com
2020-11-25T08:34:32.870Z,pondicherrytours-travels.com
2020-11-24T18:41:29.309Z,segura.ml
2020-11-24T07:05:53.416Z,aquilacafe.com
2020-11-19T23:44:00.272Z,jserracc.mwaysite.com
2020-11-19T16:41:41.322Z,mjuarez.ga
2020-11-18T13:31:18.560Z,healingthebrokenheart.com
2020-11-16T17:37:37.824Z,bestessaysolutions.com
2020-11-16T02:50:27.970Z,bartlett.ga
2020-11-15T09:54:38.889Z,www.wikipedia.org
2020-11-14T01:11:02.919Z,bartlett.ga
2020-11-13T09:43:50.024Z,smokymtngetaways.com
2020-11-12T13:13:44.476Z,bestessaysolutions.com
2020-11-12T12:55:33.128Z,bestessaysolutions.com
2020-11-06T09:13:31.748Z,www.wikipedia.org
2020-11-05T13:53:31.558Z,nationaldayofprayer-md.org
2020-11-04T18:39:33.398Z,phoenixbusinessconsultancy.co.uk
2020-11-04T15:02:58.586Z,www.wikipedia.org
2020-11-03T13:48:53.693Z,creationjute.com
2020-11-02T22:10:22.218Z,wfls-bd.com
2020-11-02T12:46:36.120Z,wfls-bd.com
2020-10-27T02:28:21.246Z,www.wikipedia.org
2020-10-27T01:51:38.656Z,www.wikipedia.org
2020-10-26T21:25:32.465Z,www.wikipedia.org
2020-10-26T21:25:29.849Z,www.wikipedia.org
2020-10-26T17:19:32.136Z,www.wikipedia.org
2020-10-22T20:39:04.394Z,youaiaoseyiausakiowulaee6.ga
2020-10-22T20:09:00.124Z,youaiaoseyiausakiowulaee6.ga
2020-10-21T14:15:49.872Z,zacharyoblitas.com
2020-10-21T12:28:38.361Z,irocglobal.com
2020-10-16T14:20:11.532Z,fedoikslowprugatsvrir9.tk
2020-10-15T15:58:50.279Z,10rusts.com
2020-10-09T18:39:27.591Z,www.wikipedia.org
2020-10-09T12:35:19.832Z,www.wikipedia.org
2020-10-08T20:50:07.499Z,eaglescapital.cl
2020-10-08T20:49:50.124Z,eaglescapital.cl
2020-10-08T19:55:02.400Z,wilmoreks.xyz
2020-10-06T19:18:09.357Z,madisonwif.xyz
2020-10-06T19:11:19.380Z,madisonwif.xyz
2020-09-30T20:29:56.249Z,angelescontractormerge.ga
2020-09-24T15:44:24.246Z,stokesport.xyz
2020-09-23T13:38:24.106Z,kassulkecreek.xyz
2020-09-21T14:46:52.692Z,sikariluxe.com
2020-09-16T22:39:53.623Z,www.wikipedia.org
2020-09-16T20:25:06.355Z,adestec.org.br
2020-09-16T20:04:58.967Z,adestec.org.br
2020-09-16T20:01:47.897Z,adestec.org.br
2020-09-16T19:39:34.810Z,www.wikipedia.org
2020-09-15T20:51:26.935Z,www.wikipedia.org
2020-09-14T17:59:22.553Z,www.wikipedia.org
2020-09-11T15:39:13.262Z,lueilwitzsquare.xyz
2020-09-10T17:50:08.926Z,lesimpressionsnumeriques.com
2020-09-10T15:41:04.489Z,drakepassage.buzz
2020-09-10T15:40:29.171Z,drakepassage.buzz
2020-09-10T15:11:46.924Z,drakepassage.buzz
2020-08-27T15:30:28.900Z,rocoto.tv
2020-08-27T07:33:00.765Z,rocoto.tv
2020-08-26T19:34:26.840Z,rocoto.tv
2020-08-25T10:12:26.469Z,porelclima.cl
2020-08-18T15:24:20.684Z,10degreesautorepair.com
2020-08-17T16:42:40.799Z,weblab.gov.cv
2020-08-14T20:33:29.021Z,www.geeksval.com
2020-08-14T17:44:10.984Z,www.geeksval.com
2020-08-12T20:52:27.994Z,modelconcepts.co.za
2020-08-12T17:03:40.980Z,echoagri.com
2020-08-06T09:18:41.591Z,sheilakaymcintyre.com
2020-08-06T09:15:34.877Z,kalkatoursandtravels.com
2020-08-04T18:44:36.876Z,sheilakaymcintyre.com
2020-07-31T00:50:27.602Z,lken.org
2020-07-30T19:02:13.242Z,pinkgenes.com
2020-07-30T17:58:00.573Z,cbfin.org
2020-07-30T16:05:35.742Z,tintingusa.com
2020-07-30T15:01:30.876Z,tintingusa.com
2020-07-28T22:22:16.151Z,sezbd.com
2020-07-27T21:08:38.420Z,up-convert.com
2020-07-27T13:15:39.261Z,arquivo.enda.pt
2020-07-24T16:47:54.207Z,arquivo.enda.pt
2020-07-24T15:15:09.904Z,rambullswag.com
2020-07-24T15:15:08.056Z,rambullswag.com
2020-07-23T21:30:11.431Z,welcome.com.pe
2020-07-23T21:30:09.524Z,welcome.com.pe
2020-07-23T15:56:40.161Z,www.wikipedia.org
2020-07-23T15:53:00.823Z,arquivo.enda.pt
2020-07-23T06:27:15.803Z,expertimmobilierbruxelles.be
2020-07-22T14:23:21.030Z,blankinstall.info
2020-07-22T10:39:15.510Z,yanactravel.com
2020-07-22T02:47:37.685Z,www.wikipedia.org
2020-07-22T02:46:02.466Z,thisismibrand.com
2020-07-22T00:23:11.472Z,thisismibrand.com
2020-07-21T03:48:28.940Z,casph.com
2020-07-20T17:58:33.801Z,casph.com
2020-07-19T02:23:06.643Z,www.wikipedia.org
2020-07-19T01:45:36.064Z,www.wikipedia.org
2020-07-19T01:09:51.996Z,www.wikipedia.org
2020-07-17T19:51:28.490Z,www.wikipedia.org
2020-07-17T14:18:44.197Z,www.wikipedia.org
2020-07-17T13:27:41.430Z,buymalesexenhancement.com
2020-07-16T14:42:20.921Z,www.wikipedia.org
2020-07-16T14:11:20.650Z,northmanchesterbuilders.com
2020-07-15T20:49:40.949Z,www.wikipedia.org
2020-07-15T20:37:42.036Z,extractxx.tk
2020-07-14T12:52:09.203Z,filingfaxes.tk
2020-07-14T00:15:55.748Z,beevigorproducts.com
2020-07-14T00:10:23.575Z,beevigorproducts.com
2020-07-13T21:44:34.609Z,filingfaxes.tk
2020-07-13T15:41:22.046Z,www.wikipedia.org
2020-07-13T15:13:06.214Z,howtomakemoneyonlineasap.com
2020-07-11T06:04:46.147Z,www.wikipedia.org
2020-07-11T05:59:49.344Z,www.wikipedia.org
2020-07-11T05:54:03.844Z,www.wikipedia.org
2020-07-11T01:26:34.168Z,www.wikipedia.org
2020-07-11T01:16:48.753Z,www.wikipedia.org
2020-07-10T08:05:09.592Z,www.wikipedia.org
2020-07-10T07:39:59.533Z,shinkoku.a-sien.com
2020-07-10T05:43:24.708Z,www.wikipedia.org
2020-07-10T05:24:02.198Z,www.wikipedia.org
2020-07-10T05:19:27.658Z,www.eateries.co.ke
2020-07-09T18:28:27.074Z,mapleaiongroup.co.uk
2020-07-09T17:53:18.862Z,mapleaiongroup.co.uk
2020-07-09T17:28:23.056Z,faxemailservice-0023.ml
2020-07-08T19:43:02.902Z,wpsection.com
2020-07-08T18:28:58.493Z,wpsection.com
2020-07-08T05:41:24.626Z,undonjuan.com
2020-07-08T05:26:17.314Z,undonjuan.com
2020-07-07T16:04:36.318Z,undonjuan.com
2020-07-07T02:13:40.343Z,undonjuan.com
2020-07-06T16:45:21.656Z,undonjuan.com
2020-07-06T16:42:57.898Z,undonjuan.com
2020-07-06T16:42:10.030Z,undonjuan.com
2020-07-06T15:19:35.343Z,undonjuan.com
2020-06-25T15:06:11.684Z,undonjuan.com
2020-06-25T13:45:06.707Z,undonjuan.com
2020-06-24T17:28:50.653Z,undonjuan.com
2020-06-24T16:27:44.797Z,vilannix.com
2020-06-20T01:17:46.037Z,www.wikipedia.org
2020-06-19T17:27:34.536Z,storacoach.com
2020-06-18T19:57:49.740Z,openmedicinetoday.com
2020-06-18T19:57:35.953Z,openmedicinetoday.com
2020-06-18T15:57:12.040Z,undonjuan.com
2020-06-18T02:53:30.424Z,www.wikipedia.org
2020-06-18T02:39:27.235Z,swayanrakiya.lk
2020-06-17T17:31:20.496Z,www.wikipedia.org
2020-06-17T16:59:11.228Z,swayanrakiya.lk
2020-06-14T15:51:32.231Z,vov.lk
2020-06-12T17:44:01.743Z,www.wikipedia.org
2020-06-12T17:43:57.588Z,vov.lk
2020-06-12T16:16:35.365Z,vov.lk
2020-06-12T15:44:50.152Z,vov.lk
2020-06-12T15:44:34.474Z,www.wikipedia.org
